"ArchiveID","Title","OriginalPath","ArchivePath","ArchiveLevel","ArchiveDate","ArchiveReason","SupersededBy","Domain","FinalVersion","FileSize"
"V9-ARCH-0001","adr-001-pure-frontend-architecture","docs/archive/historical-2026-08-16/batch8/adr-001-pure-frontend-architecture.md","docs/archive/important/adr-001-pure-frontend-architecture.md","A","2026-08-17","Important historical document","","general","N/A","6264"
"V9-ARCH-0002","adr-004-hashrouter-static-hosting","docs/archive/historical-2026-08-16/batch8/adr-004-hashrouter-static-hosting.md","docs/archive/important/adr-004-hashrouter-static-hosting.md","A","2026-08-17","Important historical document","","general","N/A","4199"
"V9-ARCH-0003","adr-005-portalshell-dark-kimi-layout","docs/archive/historical-2026-08-16/batch8/adr-005-portalshell-dark-kimi-layout.md","docs/archive/important/adr-005-portalshell-dark-kimi-layout.md","A","2026-08-17","Important historical document","","general","N/A","4665"
"V9-ARCH-0004","adr-015-duckdb-wasm-timeseries","docs/archive/historical-2026-08-16/batch8/adr-015-duckdb-wasm-timeseries.md","docs/archive/important/adr-015-duckdb-wasm-timeseries.md","A","2026-08-17","Important historical document","","general","N/A","8824"
"V9-ARCH-0005","agent-runtime-spec","docs/archive/historical-2026-08-16/batch8/agent-runtime-spec.md","docs/archive/important/agent-runtime-spec.md","A","2026-08-17","Important historical document","","general","N/A","5052"
"V9-ARCH-0006","api-contracts","docs/archive/historical-2026-08-16/batch7/docs/explanation/architecture/api-contracts.md","docs/archive/important/architecture/api-contracts.md","A","2026-08-17","Important historical document","","architecture","N/A","937"
"V9-ARCH-0007","v9-strategy-architecture","docs/archive/historical-2026-08-16/batch7/docs/explanation/architecture/v9-strategy-architecture.md","docs/archive/important/architecture/v9-strategy-architecture.md","A","2026-08-17","Important historical document","","architecture","N/A","48365"
"V9-ARCH-0008","architecture-version-comparison","docs/archive/historical-2026-08-16/batch8/architecture-version-comparison.md","docs/archive/important/architecture-version-comparison.md","A","2026-08-17","Important historical document","","general","N/A","13325"
"V9-ARCH-0009","component-specs","docs/archive/historical-2026-08-16/batch8/component-specs.md","docs/archive/important/component-specs.md","A","2026-08-17","Important historical document","","general","N/A","18356"
"V9-ARCH-0010","data-collection-architecture","docs/archive/historical-2026-08-16/batch8/data-collection-architecture.md","docs/archive/important/data-collection-architecture.md","A","2026-08-17","Important historical document","","general","N/A","14127"
"V9-ARCH-0011","dataflow-engine-spec","docs/archive/historical-2026-08-16/batch8/dataflow-engine-spec.md","docs/archive/important/dataflow-engine-spec.md","A","2026-08-17","Important historical document","","general","N/A","6704"
"V9-ARCH-0012","data-flow-spec","docs/archive/historical-2026-08-16/batch8/data-flow-spec.md","docs/archive/important/data-flow-spec.md","A","2026-08-17","Important historical document","","general","N/A","9138"
"V9-ARCH-0013","doc-maintenance-specification","docs/archive/historical-2026-08-16/batch6/docs/reports/governance/doc-maintenance-specification.md","docs/archive/important/doc-maintenance-specification.md","A","2026-08-17","Important historical document","","reports","N/A","17253"
"V9-ARCH-0014","03-architecture-standards","docs/archive/historical-2026-08-16/batch7/docs/explanation/03-architecture-standards.md","docs/archive/important/explanation/03-architecture-standards.md","A","2026-08-17","Important historical document","","explanation","N/A","58276"
"V9-ARCH-0015","06-routing-specs","docs/archive/historical-2026-08-16/batch7/docs/explanation/06-routing-specs.md","docs/archive/important/explanation/06-routing-specs.md","A","2026-08-17","Important historical document","","explanation","N/A","30529"
"V9-ARCH-0016","data-flow-spec","docs/archive/historical-2026-08-16/batch7/docs/explanation/implementation/data-flow-spec.md","docs/archive/important/explanation/data-flow-spec.md","A","2026-08-17","Important historical document","","explanation","N/A","8947"
"V9-ARCH-0017","feedback-loop-spec","docs/archive/historical-2026-08-16/batch7/docs/explanation/feedback-loop-spec.md","docs/archive/important/explanation/feedback-loop-spec.md","A","2026-08-17","Important historical document","","explanation","N/A","7187"
"V9-ARCH-0018","feedback-loop-spec","docs/archive/historical-2026-08-16/batch7/docs/explanation/implementation/feedback-loop-spec.md","docs/archive/important/explanation/feedback-loop-spec.md","A","2026-08-17","Important historical document","","explanation","N/A","7017"
"V9-ARCH-0019","filesystem-mapping-spec","docs/archive/historical-2026-08-16/batch7/docs/explanation/design/filesystem-mapping-spec.md","docs/archive/important/explanation/filesystem-mapping-spec.md","A","2026-08-17","Important historical document","","explanation","N/A","10391"
"V9-ARCH-0020","input-cabin-spec","docs/archive/historical-2026-08-16/batch7/docs/explanation/design/input-cabin-spec.md","docs/archive/important/explanation/input-cabin-spec.md","A","2026-08-17","Important historical document","","explanation","N/A","9464"
"V9-ARCH-0021","input-cabin-spec","docs/archive/historical-2026-08-16/batch7/docs/explanation/implementation/input-cabin-spec.md","docs/archive/important/explanation/input-cabin-spec.md","A","2026-08-17","Important historical document","","explanation","N/A","9604"
"V9-ARCH-0022","v10-architecture-alignment","docs/archive/historical-2026-08-16/batch7/docs/explanation/v10-architecture-alignment.md","docs/archive/important/explanation/v10-architecture-alignment.md","A","2026-08-17","Important historical document","","explanation","N/A","13622"
"V9-ARCH-0023","v6-v9-architecture-audit-action-list","docs/archive/historical-2026-08-16/batch7/docs/explanation/v6-v9-architecture-audit-action-list.md","docs/archive/important/explanation/v6-v9-architecture-audit-action-list.md","A","2026-08-17","Important historical document","","explanation","N/A","17306"
"V9-ARCH-0024","v9-strategy-architecture","docs/archive/historical-2026-08-16/batch7/docs/explanation/design/v9-strategy-architecture.md","docs/archive/important/explanation/v9-strategy-architecture.md","A","2026-08-17","Important historical document","","explanation","N/A","47906"
"V9-ARCH-0025","mcp-architecture-audit-report-2026-07-08","archive/docs/reports/reports/mcp-architecture-audit-report-2026-07-08.md","docs/archive/important/mcp-architecture-audit-report-2026-07-08.md","A","2026-08-17","Important historical document","","reports","N/A","14605"
"V9-ARCH-0026","mcp-architecture-remediation-plan-2026-07-08","archive/docs/reports/reports/mcp-architecture-remediation-plan-2026-07-08.md","docs/archive/important/mcp-architecture-remediation-plan-2026-07-08.md","A","2026-08-17","Important historical document","","reports","N/A","17148"
"V9-ARCH-0027","next-phase-architecture-optimization-plan-2026-08-10","docs/archive/historical-2026-08-16/batch7/docs/reports/governance/next-phase-architecture-optimization-plan-2026-08-10.md","docs/archive/important/next-phase-architecture-optimization-plan-2026-08-10.md","A","2026-08-17","Important historical document","","reports","N/A","9530"
"V9-ARCH-0028","next-phase-architecture-optimization-plan-2026-08-10-v2","docs/archive/historical-2026-08-16/batch6/docs/reports/governance/next-phase-architecture-optimization-plan-2026-08-10-v2.md","docs/archive/important/next-phase-architecture-optimization-plan-2026-08-10-v2.md","A","2026-08-17","Important historical document","","reports","N/A","11687"
"V9-ARCH-0029","adr-003-databridge-over-direct-datalayer","docs/archive/historical-2026-08-16/batch7/docs/reference/adr-003-databridge-over-direct-datalayer.md","docs/archive/important/reference/adr-003-databridge-over-direct-datalayer.md","A","2026-08-17","Important historical document","","reference","N/A","9618"
"V9-ARCH-0030","adr-010-profile-evidence-chain","docs/archive/historical-2026-08-16/batch7/docs/reference/adr-010-profile-evidence-chain.md","docs/archive/important/reference/adr-010-profile-evidence-chain.md","A","2026-08-17","Important historical document","","reference","N/A","21160"
"V9-ARCH-0031","adr-016-useStockAdd-hook-errorboundary-safety","docs/archive/historical-2026-08-16/batch7/docs/reference/adr-016-useStockAdd-hook-errorboundary-safety.md","docs/archive/important/reference/adr-016-useStockAdd-hook-errorboundary-safety.md","A","2026-08-17","Important historical document","","reference","N/A","10626"
"V9-ARCH-0032","adr-mcp-server-lifecycle","docs/archive/historical-2026-08-16/batch7/docs/reference/adr-mcp-server-lifecycle.md","docs/archive/important/reference/adr-mcp-server-lifecycle.md","A","2026-08-17","Important historical document","","reference","N/A","10463"
"V9-ARCH-0033","feedback-loop-spec","docs/archive/historical-2026-08-16/batch7/docs/reference/feedback-loop-spec.md","docs/archive/important/reference/feedback-loop-spec.md","A","2026-08-17","Important historical document","","reference","N/A","7022"
"V9-ARCH-0034","gateway-write-permission-spec","docs/archive/historical-2026-08-16/batch7/docs/reference/gateway-write-permission-spec.md","docs/archive/important/reference/gateway-write-permission-spec.md","A","2026-08-17","Important historical document","","reference","N/A","12790"
"V9-ARCH-0035","input-cabin-spec","docs/archive/historical-2026-08-16/batch7/docs/reference/input-cabin-spec.md","docs/archive/important/reference/input-cabin-spec.md","A","2026-08-17","Important historical document","","reference","N/A","9463"
"V9-ARCH-0036","stock-analysis-contract","docs/archive/historical-2026-08-16/batch7/docs/reference/stock-analysis-contract.md","docs/archive/important/reference/stock-analysis-contract.md","A","2026-08-17","Important historical document","","reference","N/A","11061"
"V9-ARCH-0037","stockpool-contract","docs/archive/historical-2026-08-16/batch7/docs/reference/stockpool-contract.md","docs/archive/important/reference/stockpool-contract.md","A","2026-08-17","Important historical document","","reference","N/A","8979"
"V9-ARCH-0038","unified-pool-storage-spec","docs/archive/historical-2026-08-16/batch7/docs/reference/unified-pool-storage-spec.md","docs/archive/important/reference/unified-pool-storage-spec.md","A","2026-08-17","Important historical document","","reference","N/A","11374"
"V9-ARCH-0039","reference-changelogs-2026-07-2026-07-14-architecture-governance","docs/archive/historical-2026-08-15/reference-changelogs-2026-07-2026-07-14-architecture-governance.md","docs/archive/important/reference-changelogs-2026-07-2026-07-14-architecture-governance.md","A","2026-08-17","Important historical document","","general","N/A","3540"
"V9-ARCH-0040","reference-v9-architecture-data-dictionary-validation-report","docs/archive/historical-2026-08-15/reference-v9-architecture-data-dictionary-validation-report.md","docs/archive/important/reference-v9-architecture-data-dictionary-validation-report.md","A","2026-08-17","Important historical document","","general","N/A","11725"
"V9-ARCH-0041","report-generation-architecture-assessment","docs/archive/historical-2026-08-16/batch8/report-generation-architecture-assessment.md","docs/archive/important/report-generation-architecture-assessment.md","A","2026-08-17","Important historical document","","general","N/A","7958"
"V9-ARCH-0042","rotation-score-spec","docs/archive/historical-2026-08-16/batch8/rotation-score-spec.md","docs/archive/important/rotation-score-spec.md","A","2026-08-17","Important historical document","","general","N/A","7040"
"V9-ARCH-0043","system-architecture","docs/archive/historical-2026-08-16/batch8/system-architecture.md","docs/archive/important/system-architecture.md","A","2026-08-17","Important historical document","","general","N/A","22149"
"V9-ARCH-0044","v9-strategy-architecture","docs/archive/historical-2026-08-16/batch8/v9-strategy-architecture.md","docs/archive/important/v9-strategy-architecture.md","A","2026-08-17","Important historical document","","general","N/A","47937"
"V9-ARCH-0045","a11y-i18n","docs/archive/historical-2026-08-16/batch8/a11y-i18n.md","docs/archive/normal/a11y-i18n.md","B","2026-08-17","Normal historical document","","general","N/A","791"
"V9-ARCH-0046","ai-center-data-definition","docs/archive/historical-2026-08-16/batch8/ai-center-data-definition.md","docs/archive/normal/ai-center-data-definition.md","B","2026-08-17","Normal historical document","","general","N/A","18385"
"V9-ARCH-0047","ai-generate-audit-fix-loop","docs/archive/historical-2026-08-16/batch8/ai-generate-audit-fix-loop.md","docs/archive/normal/ai-generate-audit-fix-loop.md","B","2026-08-17","Normal historical document","","general","N/A","5517"
"V9-ARCH-0048","api-doc-draft-2026-07-12T08-32-09-062Z","archive/docs/playground/api-doc-draft-2026-07-12T08-32-09-062Z.md","docs/archive/normal/api-doc-draft-2026-07-12T08-32-09-062Z.md","B","2026-08-17","Normal historical document","","general","N/A","569712"
"V9-ARCH-0049","api-doc-draft-2026-07-12T08-33-40-567Z","archive/docs/playground/api-doc-draft-2026-07-12T08-33-40-567Z.md","docs/archive/normal/api-doc-draft-2026-07-12T08-33-40-567Z.md","B","2026-08-17","Normal historical document","","general","N/A","52497"
"V9-ARCH-0050","audit-b4-2-test-quality","docs/archive/historical-2026-08-16/batch8/audit-b4-2-test-quality.md","docs/archive/normal/audit-b4-2-test-quality.md","B","2026-08-17","Normal historical document","","general","N/A","20888"
"V9-ARCH-0051","autonomous-workflow-optimization","docs/archive/historical-2026-08-16/batch8/autonomous-workflow-optimization.md","docs/archive/normal/autonomous-workflow-optimization.md","B","2026-08-17","Normal historical document","","general","N/A","14587"
"V9-ARCH-0052","breakout-trading-strategy","docs/archive/historical-2026-08-16/batch8/breakout-trading-strategy.md","docs/archive/normal/breakout-trading-strategy.md","B","2026-08-17","Normal historical document","","general","N/A","14404"
"V9-ARCH-0053","b批次组件集成测试报告-b6-2026-07-08","docs/archive/historical-2026-08-16/batch8/b批次组件集成测试报告-b6-2026-07-08.md","docs/archive/normal/b批次组件集成测试报告-b6-2026-07-08.md","B","2026-08-17","Normal historical document","","general","N/A","5091"
"V9-ARCH-0054","cockpit-news-doc-fix-plan","docs/archive/historical-2026-08-16/batch8/cockpit-news-doc-fix-plan.md","docs/archive/normal/cockpit-news-doc-fix-plan.md","B","2026-08-17","Normal historical document","","general","N/A","47887"
"V9-ARCH-0055","complete-api-doc","archive/docs/playground/complete-api-doc.md","docs/archive/normal/complete-api-doc.md","B","2026-08-17","Normal historical document","","general","N/A","20419"
"V9-ARCH-0056","completeness-profile","docs/archive/historical-2026-08-16/batch8/completeness-profile.md","docs/archive/normal/completeness-profile.md","B","2026-08-17","Normal historical document","","general","N/A","15687"
"V9-ARCH-0057","completeness-profile-batch5","docs/archive/historical-2026-08-16/batch8/completeness-profile-batch5.md","docs/archive/normal/completeness-profile-batch5.md","B","2026-08-17","Normal historical document","","general","N/A","6566"
"V9-ARCH-0058","complexity-governance","docs/archive/historical-2026-08-16/batch8/complexity-governance.md","docs/archive/normal/complexity-governance.md","B","2026-08-17","Normal historical document","","general","N/A","4256"
"V9-ARCH-0059","complexity-redlines","docs/archive/historical-2026-08-16/batch8/complexity-redlines.md","docs/archive/normal/complexity-redlines.md","B","2026-08-17","Normal historical document","","general","N/A","4174"
"V9-ARCH-0060","component-library-guide","docs/archive/historical-2026-08-16/batch8/component-library-guide.md","docs/archive/normal/component-library-guide.md","B","2026-08-17","Normal historical document","","general","N/A","13643"
"V9-ARCH-0061","core-scarce-strategy","docs/archive/historical-2026-08-16/batch8/core-scarce-strategy.md","docs/archive/normal/core-scarce-strategy.md","B","2026-08-17","Normal historical document","","general","N/A","5688"
"V9-ARCH-0062","data-definition","docs/archive/historical-2026-08-16/batch8/data-definition.md","docs/archive/normal/data-definition.md","B","2026-08-17","Normal historical document","","general","N/A","26729"
"V9-ARCH-0063","db-migration-v4-to-v6","docs/archive/historical-2026-08-16/batch8/db-migration-v4-to-v6.md","docs/archive/normal/db-migration-v4-to-v6.md","B","2026-08-17","Normal historical document","","general","N/A","6688"
"V9-ARCH-0064","derived-metrics-engine-design","docs/archive/historical-2026-08-16/batch8/derived-metrics-engine-design.md","docs/archive/normal/derived-metrics-engine-design.md","B","2026-08-17","Normal historical document","","general","N/A","9140"
"V9-ARCH-0065","doc-update-list-2026-07-12T08-32-09-057Z","archive/docs/playground/doc-update-list-2026-07-12T08-32-09-057Z.md","docs/archive/normal/doc-update-list-2026-07-12T08-32-09-057Z.md","B","2026-08-17","Normal historical document","","general","N/A","379730"
"V9-ARCH-0066","doc-update-list-2026-07-12T08-33-40-564Z","archive/docs/playground/doc-update-list-2026-07-12T08-33-40-564Z.md","docs/archive/normal/doc-update-list-2026-07-12T08-33-40-564Z.md","B","2026-08-17","Normal historical document","","general","N/A","52329"
"V9-ARCH-0067","doc-update-suggestion-2026-07-12T07-36-09-158Z","archive/docs/playground/doc-update-suggestion-2026-07-12T07-36-09-158Z.md","docs/archive/normal/doc-update-suggestion-2026-07-12T07-36-09-158Z.md","B","2026-08-17","Normal historical document","","general","N/A","15733"
"V9-ARCH-0068","doc-update-suggestion-2026-07-12T08-07-27-172Z","archive/docs/playground/doc-update-suggestion-2026-07-12T08-07-27-172Z.md","docs/archive/normal/doc-update-suggestion-2026-07-12T08-07-27-172Z.md","B","2026-08-17","Normal historical document","","general","N/A","5748"
"V9-ARCH-0069","doc-update-suggestion-2026-07-12T08-11-11-572Z","archive/docs/playground/doc-update-suggestion-2026-07-12T08-11-11-572Z.md","docs/archive/normal/doc-update-suggestion-2026-07-12T08-11-11-572Z.md","B","2026-08-17","Normal historical document","","general","N/A","5748"
"V9-ARCH-0070","《V9数据架构修订建议》","docs/archive/historical-2026-08-16/batch7/docs/explanation/《V9数据架构修订建议》.md","docs/archive/normal/explanation/《V9数据架构修订建议》.md","B","2026-08-17","Normal historical document","","explanation","N/A","19191"
"V9-ARCH-0071","00-readme","docs/archive/historical-2026-08-16/batch7/docs/explanation/design/00-readme.md","docs/archive/normal/explanation/00-readme.md","B","2026-08-17","Normal historical document","","explanation","N/A","14703"
"V9-ARCH-0072","00-README","docs/archive/historical-2026-08-16/batch7/docs/explanation/implementation/00-README.md","docs/archive/normal/explanation/00-README.md","B","2026-08-17","Normal historical document","","explanation","N/A","14126"
"V9-ARCH-0073","action-list","docs/archive/historical-2026-08-16/batch7/docs/explanation/action-list.md","docs/archive/normal/explanation/action-list.md","B","2026-08-17","Normal historical document","","explanation","N/A","13228"
"V9-ARCH-0074","A-H-INDEX","docs/archive/historical-2026-08-16/batch7/docs/explanation/A-H-INDEX.md","docs/archive/normal/explanation/A-H-INDEX.md","B","2026-08-17","Normal historical document","","explanation","N/A","4442"
"V9-ARCH-0075","ai-memory-layer","docs/archive/historical-2026-08-16/batch7/docs/explanation/ai-memory-layer.md","docs/archive/normal/explanation/ai-memory-layer.md","B","2026-08-17","Normal historical document","","explanation","N/A","2744"
"V9-ARCH-0076","b批次高价值孤儿集成状态报告-2026-07-08","docs/archive/historical-2026-08-16/batch7/docs/explanation/b批次高价值孤儿集成状态报告-2026-07-08.md","docs/archive/normal/explanation/b批次高价值孤儿集成状态报告-2026-07-08.md","B","2026-08-17","Normal historical document","","explanation","N/A","6919"
"V9-ARCH-0077","cabins-overview","docs/archive/historical-2026-08-16/batch7/docs/explanation/architecture/cabins-overview.md","docs/archive/normal/explanation/cabins-overview.md","B","2026-08-17","Normal historical document","","architecture","N/A","3640"
"V9-ARCH-0078","cabins-overview","docs/archive/historical-2026-08-16/batch7/docs/explanation/cabins-overview.md","docs/archive/normal/explanation/cabins-overview.md","B","2026-08-17","Normal historical document","","explanation","N/A","5082"
"V9-ARCH-0079","chart-integration","docs/archive/historical-2026-08-16/batch7/docs/explanation/implementation/chart-integration.md","docs/archive/normal/explanation/chart-integration.md","B","2026-08-17","Normal historical document","","explanation","N/A","8275"
"V9-ARCH-0080","completeness-profile-batch2","docs/archive/historical-2026-08-16/batch7/docs/explanation/completeness-profile-batch2.md","docs/archive/normal/explanation/completeness-profile-batch2.md","B","2026-08-17","Normal historical document","","explanation","N/A","7496"
"V9-ARCH-0081","completeness-profile-batch3","docs/archive/historical-2026-08-16/batch7/docs/explanation/completeness-profile-batch3.md","docs/archive/normal/explanation/completeness-profile-batch3.md","B","2026-08-17","Normal historical document","","explanation","N/A","9744"
"V9-ARCH-0082","completeness-profile-batch4","docs/archive/historical-2026-08-16/batch7/docs/explanation/completeness-profile-batch4.md","docs/archive/normal/explanation/completeness-profile-batch4.md","B","2026-08-17","Normal historical document","","explanation","N/A","6519"
"V9-ARCH-0083","complexity-remediation-plan","docs/archive/historical-2026-08-16/batch7/docs/explanation/complexity-remediation-plan.md","docs/archive/normal/explanation/complexity-remediation-plan.md","B","2026-08-17","Normal historical document","","explanation","N/A","17349"
"V9-ARCH-0084","component-deprecation-policy","docs/archive/historical-2026-08-16/batch7/docs/explanation/component-deprecation-policy.md","docs/archive/normal/explanation/component-deprecation-policy.md","B","2026-08-17","Normal historical document","","explanation","N/A","6625"
"V9-ARCH-0085","component-deprecation-policy","docs/archive/historical-2026-08-16/batch7/docs/explanation/implementation/component-deprecation-policy.md","docs/archive/normal/explanation/component-deprecation-policy.md","B","2026-08-17","Normal historical document","","explanation","N/A","6434"
"V9-ARCH-0086","data-dictionary-index","docs/archive/historical-2026-08-16/batch7/docs/explanation/design/data-dictionary-index.md","docs/archive/normal/explanation/data-dictionary-index.md","B","2026-08-17","Normal historical document","","explanation","N/A","14736"
"V9-ARCH-0087","dataflow-data-definition","docs/archive/historical-2026-08-16/batch7/docs/explanation/design/dataflow-data-definition.md","docs/archive/normal/explanation/dataflow-data-definition.md","B","2026-08-17","Normal historical document","","explanation","N/A","7319"
"V9-ARCH-0088","dataflow-data-definition","docs/archive/historical-2026-08-16/batch7/docs/explanation/dataflow-data-definition.md","docs/archive/normal/explanation/dataflow-data-definition.md","B","2026-08-17","Normal historical document","","explanation","N/A","7405"
"V9-ARCH-0089","data-interaction-protocols","docs/archive/historical-2026-08-16/batch7/docs/explanation/implementation/data-interaction-protocols.md","docs/archive/normal/explanation/data-interaction-protocols.md","B","2026-08-17","Normal historical document","","explanation","N/A","5170"
"V9-ARCH-0090","feature-entry-list","docs/archive/historical-2026-08-16/batch7/docs/explanation/feature-entry-list.md","docs/archive/normal/explanation/feature-entry-list.md","B","2026-08-17","Normal historical document","","explanation","N/A","6672"
"V9-ARCH-0091","feature-entry-list","docs/archive/historical-2026-08-16/batch7/docs/explanation/implementation/feature-entry-list.md","docs/archive/normal/explanation/feature-entry-list.md","B","2026-08-17","Normal historical document","","explanation","N/A","6836"
"V9-ARCH-0092","implementation-governance","docs/archive/historical-2026-08-16/batch7/docs/explanation/design/implementation-governance.md","docs/archive/normal/explanation/implementation-governance.md","B","2026-08-17","Normal historical document","","explanation","N/A","7000"
"V9-ARCH-0093","implementation-governance","docs/archive/historical-2026-08-16/batch7/docs/explanation/implementation/implementation-governance.md","docs/archive/normal/explanation/implementation-governance.md","B","2026-08-17","Normal historical document","","explanation","N/A","7000"
"V9-ARCH-0094","news-data-definition","docs/archive/historical-2026-08-16/batch7/docs/explanation/design/news-data-definition.md","docs/archive/normal/explanation/news-data-definition.md","B","2026-08-17","Normal historical document","","explanation","N/A","9028"
"V9-ARCH-0095","news-data-definition","docs/archive/historical-2026-08-16/batch7/docs/explanation/news-data-definition.md","docs/archive/normal/explanation/news-data-definition.md","B","2026-08-17","Normal historical document","","explanation","N/A","9146"
"V9-ARCH-0096","overview","docs/archive/historical-2026-08-16/batch7/docs/explanation/architecture/overview.md","docs/archive/normal/explanation/overview.md","B","2026-08-17","Normal historical document","","architecture","N/A","975"
"V9-ARCH-0097","profile-eight-domains-design","docs/archive/historical-2026-08-16/batch7/docs/explanation/design/profile-eight-domains-design.md","docs/archive/normal/explanation/profile-eight-domains-design.md","B","2026-08-17","Normal historical document","","explanation","N/A","31379"
"V9-ARCH-0098","pwa-offline-guide","docs/archive/historical-2026-08-16/batch7/docs/explanation/implementation/pwa-offline-guide.md","docs/archive/normal/explanation/pwa-offline-guide.md","B","2026-08-17","Normal historical document","","explanation","N/A","6804"
"V9-ARCH-0099","quality-audit-plan","docs/archive/historical-2026-08-16/batch7/docs/explanation/design/quality-audit-plan.md","docs/archive/normal/explanation/quality-audit-plan.md","B","2026-08-17","Normal historical document","","explanation","N/A","11773"
"V9-ARCH-0100","README","docs/archive/historical-2026-08-16/batch7/docs/explanation/design/README.md","docs/archive/normal/explanation/README.md","B","2026-08-17","Normal historical document","","explanation","N/A","1358"
"V9-ARCH-0101","README","docs/archive/historical-2026-08-16/batch7/docs/explanation/architecture/adr/README.md","docs/archive/normal/explanation/README.md","B","2026-08-17","Normal historical document","","architecture","N/A","19745"
"V9-ARCH-0102","README","docs/archive/historical-2026-08-16/batch7/docs/explanation/README.md","docs/archive/normal/explanation/README.md","B","2026-08-17","Normal historical document","","explanation","N/A","3446"
"V9-ARCH-0103","security-model","docs/archive/historical-2026-08-16/batch7/docs/explanation/architecture/security-model.md","docs/archive/normal/explanation/security-model.md","B","2026-08-17","Normal historical document","","architecture","N/A","19196"
"V9-ARCH-0104","state-management","docs/archive/historical-2026-08-16/batch7/docs/explanation/state-management.md","docs/archive/normal/explanation/state-management.md","B","2026-08-17","Normal historical document","","explanation","N/A","10628"
"V9-ARCH-0105","stock-selection-strategy","docs/archive/historical-2026-08-16/batch7/docs/explanation/design/stock-selection-strategy.md","docs/archive/normal/explanation/stock-selection-strategy.md","B","2026-08-17","Normal historical document","","explanation","N/A","8106"
"V9-ARCH-0106","tech-debt","docs/archive/historical-2026-08-16/batch7/docs/explanation/design/tech-debt.md","docs/archive/normal/explanation/tech-debt.md","B","2026-08-17","Normal historical document","","explanation","N/A","24344"
"V9-ARCH-0107","trading-core-factors","docs/archive/historical-2026-08-16/batch7/docs/explanation/implementation/trading-core-factors.md","docs/archive/normal/explanation/trading-core-factors.md","B","2026-08-17","Normal historical document","","explanation","N/A","9966"
"V9-ARCH-0108","trading-core-factors","docs/archive/historical-2026-08-16/batch7/docs/explanation/design/trading-core-factors.md","docs/archive/normal/explanation/trading-core-factors.md","B","2026-08-17","Normal historical document","","explanation","N/A","9827"
"V9-ARCH-0109","trading-core-factors","docs/archive/historical-2026-08-16/batch7/docs/explanation/trading-core-factors.md","docs/archive/normal/explanation/trading-core-factors.md","B","2026-08-17","Normal historical document","","explanation","N/A","9805"
"V9-ARCH-0110","ui-design-agent-execution-plan","docs/archive/historical-2026-08-16/batch7/docs/explanation/ui-design-agent-execution-plan.md","docs/archive/normal/explanation/ui-design-agent-execution-plan.md","B","2026-08-17","Normal historical document","","explanation","N/A","13403"
"V9-ARCH-0111","V9_L2状态层补齐路线图","docs/archive/historical-2026-08-16/batch7/docs/explanation/V9_L2状态层补齐路线图.md","docs/archive/normal/explanation/V9_L2状态层补齐路线图.md","B","2026-08-17","Normal historical document","","explanation","N/A","19712"
"V9-ARCH-0112","v9-issue-management","docs/archive/historical-2026-08-16/batch7/docs/explanation/v9-issue-management.md","docs/archive/normal/explanation/v9-issue-management.md","B","2026-08-17","Normal historical document","","explanation","N/A","8517"
"V9-ARCH-0113","v9-rectification-tasks-v15-v16","docs/archive/historical-2026-08-16/batch7/docs/explanation/v9-rectification-tasks-v15-v16.md","docs/archive/normal/explanation/v9-rectification-tasks-v15-v16.md","B","2026-08-17","Normal historical document","","explanation","N/A","6580"
"V9-ARCH-0114","v9-代码实现分析报告","docs/archive/historical-2026-08-16/batch7/docs/explanation/v9-代码实现分析报告.md","docs/archive/normal/explanation/v9-代码实现分析报告.md","B","2026-08-17","Normal historical document","","explanation","N/A","8279"
"V9-ARCH-0115","v9-架构缺陷与整改行动清单","docs/archive/historical-2026-08-16/batch7/docs/explanation/v9-架构缺陷与整改行动清单.md","docs/archive/normal/explanation/v9-架构缺陷与整改行动清单.md","B","2026-08-17","Normal historical document","","explanation","N/A","9045"
"V9-ARCH-0116","weekly-check-2026-06-30","docs/archive/historical-2026-08-16/batch7/docs/explanation/weekly-check-2026-06-30.md","docs/archive/normal/explanation/weekly-check-2026-06-30.md","B","2026-08-17","Normal historical document","","explanation","N/A","7260"
"V9-ARCH-0117","双通道投研评分系统技术方案","docs/archive/historical-2026-08-16/batch7/docs/explanation/design/双通道投研评分系统技术方案.md","docs/archive/normal/explanation/双通道投研评分系统技术方案.md","B","2026-08-17","Normal historical document","","explanation","N/A","24176"
"V9-ARCH-0118","双通道投研评分系统技术方案","docs/archive/historical-2026-08-16/batch7/docs/explanation/双通道投研评分系统技术方案.md","docs/archive/normal/explanation/双通道投研评分系统技术方案.md","B","2026-08-17","Normal historical document","","explanation","N/A","24200"
"V9-ARCH-0119","explanation-design-color-token-consolidation-feasibility","docs/archive/historical-2026-08-15/explanation-design-color-token-consolidation-feasibility.md","docs/archive/normal/explanation-design-color-token-consolidation-feasibility.md","B","2026-08-17","Normal historical document","","general","N/A","12233"
"V9-ARCH-0120","explanation-design-v9现有数据资产清单","docs/archive/historical-2026-08-15/explanation-design-v9现有数据资产清单.md","docs/archive/normal/explanation-design-v9现有数据资产清单.md","B","2026-08-17","Normal historical document","","general","N/A","48388"
"V9-ARCH-0121","explanation-implementation-deprecated-DEPRECATED_v9-issue-execution-board","docs/archive/historical-2026-08-15/explanation-implementation-deprecated-DEPRECATED_v9-issue-execution-board.md","docs/archive/normal/explanation-implementation-deprecated-DEPRECATED_v9-issue-execution-board.md","B","2026-08-17","Normal historical document","","general","N/A","5760"
"V9-ARCH-0122","explanation-implementation-deprecated-DEPRECATED_v9-parallel-task-schedule","docs/archive/historical-2026-08-15/explanation-implementation-deprecated-DEPRECATED_v9-parallel-task-schedule.md","docs/archive/normal/explanation-implementation-deprecated-DEPRECATED_v9-parallel-task-schedule.md","B","2026-08-17","Normal historical document","","general","N/A","6874"
"V9-ARCH-0123","explanation-implementation-quality-audit-plan","docs/archive/historical-2026-08-16/explanation-implementation-quality-audit-plan.md","docs/archive/normal/explanation-implementation-quality-audit-plan.md","B","2026-08-17","Normal historical document","","general","N/A","11931"
"V9-ARCH-0124","explanation-pending-items-backlog-20260704","docs/archive/historical-2026-08-16/explanation-pending-items-backlog-20260704.md","docs/archive/normal/explanation-pending-items-backlog-20260704.md","B","2026-08-17","Normal historical document","","general","N/A","9981"
"V9-ARCH-0125","explanation-v6pro-to-v9-migration-analysis","docs/archive/historical-2026-08-15/explanation-v6pro-to-v9-migration-analysis.md","docs/archive/normal/explanation-v6pro-to-v9-migration-analysis.md","B","2026-08-17","Normal historical document","","general","N/A","28933"
"V9-ARCH-0126","fake-breakout-technical-docs","docs/archive/historical-2026-08-16/batch8/fake-breakout-technical-docs.md","docs/archive/normal/fake-breakout-technical-docs.md","B","2026-08-17","Normal historical document","","general","N/A","6394"
"V9-ARCH-0127","freshness-alerts","docs/archive/historical-2026-08-16/batch8/freshness-alerts.md","docs/archive/normal/freshness-alerts.md","B","2026-08-17","Normal historical document","","general","N/A","2169"
"V9-ARCH-0128","code-review-training","docs/archive/historical-2026-08-16/batch7/docs/guides/development/code-review/code-review-training.md","docs/archive/normal/guides/code-review-training.md","B","2026-08-17","Normal historical document","","guides","N/A","31320"
"V9-ARCH-0129","solo-review","docs/archive/historical-2026-08-16/batch7/docs/guides/development/code-review/solo-review.md","docs/archive/normal/guides/solo-review.md","B","2026-08-17","Normal historical document","","guides","N/A","21490"
"V9-ARCH-0130","guides-how-to-pwa-offline-guide","docs/archive/historical-2026-08-16/guides-how-to-pwa-offline-guide.md","docs/archive/normal/guides-how-to-pwa-offline-guide.md","B","2026-08-17","Normal historical document","","general","N/A","7068"
"V9-ARCH-0131","hot-momentum-strategy","docs/archive/historical-2026-08-16/batch8/hot-momentum-strategy.md","docs/archive/normal/hot-momentum-strategy.md","B","2026-08-17","Normal historical document","","general","N/A","16445"
"V9-ARCH-0132","investment-pipeline-stage-analysis","docs/archive/historical-2026-08-16/batch8/investment-pipeline-stage-analysis.md","docs/archive/normal/investment-pipeline-stage-analysis.md","B","2026-08-17","Normal historical document","","general","N/A","12644"
"V9-ARCH-0133","jsdoc-convention","docs/archive/historical-2026-08-16/batch8/jsdoc-convention.md","docs/archive/normal/jsdoc-convention.md","B","2026-08-17","Normal historical document","","general","N/A","4163"
"V9-ARCH-0134","kimi-webbridge","docs/archive/historical-2026-08-16/batch8/kimi-webbridge.md","docs/archive/normal/kimi-webbridge.md","B","2026-08-17","Normal historical document","","general","N/A","9176"
"V9-ARCH-0135","doc-system-check-v9","docs/archive/historical-2026-08-16/batch6/docs/meta/doc-system-check-v9.md","docs/archive/normal/meta/doc-system-check-v9.md","B","2026-08-17","Normal historical document","","general","N/A","32504"
"V9-ARCH-0136","type-domain-audit-worksheet","docs/archive/historical-2026-08-16/batch7/docs/meta/type-domain-audit-worksheet.md","docs/archive/normal/meta/type-domain-audit-worksheet.md","B","2026-08-17","Normal historical document","","general","N/A","10277"
"V9-ARCH-0137","v6pro-v9-gap-analysis-final","docs/archive/historical-2026-08-16/batch7/docs/meta/audit-reports/v6pro-v9-gap-analysis-final.md","docs/archive/normal/meta/v6pro-v9-gap-analysis-final.md","B","2026-08-17","Normal historical document","","general","N/A","8595"
"V9-ARCH-0138","meta-registry-index","docs/archive/historical-2026-08-15/meta-registry-index.md","docs/archive/normal/meta-registry-index.md","B","2026-08-17","Normal historical document","","general","N/A","58384"
"V9-ARCH-0139","meta-文件整理清单","docs/archive/historical-2026-08-15/meta-文件整理清单.md","docs/archive/normal/meta-文件整理清单.md","B","2026-08-17","Normal historical document","","general","N/A","18719"
"V9-ARCH-0140","optimization-plan","docs/archive/historical-2026-08-16/batch8/optimization-plan.md","docs/archive/normal/optimization-plan.md","B","2026-08-17","Normal historical document","","general","N/A","38874"
"V9-ARCH-0141","overview","docs/archive/historical-2026-08-16/batch8/overview.md","docs/archive/normal/overview.md","B","2026-08-17","Normal historical document","","general","N/A","15622"
"V9-ARCH-0142","page-structure","docs/archive/historical-2026-08-16/batch8/page-structure.md","docs/archive/normal/page-structure.md","B","2026-08-17","Normal historical document","","general","N/A","4300"
"V9-ARCH-0143","pending-tasks-inventory-20260701","docs/archive/historical-2026-08-16/batch8/pending-tasks-inventory-20260701.md","docs/archive/normal/pending-tasks-inventory-20260701.md","B","2026-08-17","Normal historical document","","general","N/A","11282"
"V9-ARCH-0144","performance-baseline","docs/archive/historical-2026-08-16/batch8/performance-baseline.md","docs/archive/normal/performance-baseline.md","B","2026-08-17","Normal historical document","","general","N/A","3192"
"V9-ARCH-0145","quality-assurance-strategy","docs/archive/historical-2026-08-16/batch8/quality-assurance-strategy.md","docs/archive/normal/quality-assurance-strategy.md","B","2026-08-17","Normal historical document","","general","N/A","18195"
"V9-ARCH-0146","quality-gates-baseline","docs/archive/historical-2026-08-16/batch8/quality-gates-baseline.md","docs/archive/normal/quality-gates-baseline.md","B","2026-08-17","Normal historical document","","general","N/A","4756"
"V9-ARCH-0147","rbac整合可行性分析与实施计划-2026-07-08","docs/archive/historical-2026-08-16/batch8/rbac整合可行性分析与实施计划-2026-07-08.md","docs/archive/normal/rbac整合可行性分析与实施计划-2026-07-08.md","B","2026-08-17","Normal historical document","","general","N/A","11702"
"V9-ARCH-0148","README","archive/docs/07-archive/README.md","docs/archive/normal/README.md","B","2026-08-17","Normal historical document","","general","N/A","1667"
"V9-ARCH-0149","README","docs/archive/historical-2026-08-16/batch7/docs/README.md","docs/archive/normal/README.md","B","2026-08-17","Normal historical document","","general","N/A","7708"
"V9-ARCH-0150","README","docs/archive/README.md","docs/archive/normal/README.md","B","2026-08-17","Normal historical document","","general","N/A","1737"
"V9-ARCH-0151","README","docs/archive/drafts/README.md","docs/archive/normal/README.md","B","2026-08-17","Normal historical document","","general","N/A","780"
"V9-ARCH-0152","refactor-impact-analysis-2026-06-27","docs/archive/historical-2026-08-16/batch8/refactor-impact-analysis-2026-06-27.md","docs/archive/normal/refactor-impact-analysis-2026-06-27.md","B","2026-08-17","Normal historical document","","general","N/A","14442"
"V9-ARCH-0153","《DataBridge端点与数据映射清单》","docs/archive/historical-2026-08-16/batch7/docs/reference/《DataBridge端点与数据映射清单》.md","docs/archive/normal/reference/《DataBridge端点与数据映射清单》.md","B","2026-08-17","Normal historical document","","reference","N/A","36562"
"V9-ARCH-0154","《V9现有数据资产清单》","docs/archive/historical-2026-08-16/batch7/docs/reference/《V9现有数据资产清单》.md","docs/archive/normal/reference/《V9现有数据资产清单》.md","B","2026-08-17","Normal historical document","","reference","N/A","49046"
"V9-ARCH-0155","action-list","docs/archive/historical-2026-08-16/batch7/docs/reference/action-list.md","docs/archive/normal/reference/action-list.md","B","2026-08-17","Normal historical document","","reference","N/A","13228"
"V9-ARCH-0156","AI_CENTER_VUE3_EXAMPLES","docs/archive/historical-2026-08-16/batch7/docs/reference/AI_CENTER_VUE3_EXAMPLES.md","docs/archive/normal/reference/AI_CENTER_VUE3_EXAMPLES.md","B","2026-08-17","Normal historical document","","reference","N/A","15556"
"V9-ARCH-0157","ai-memory-layer","docs/archive/historical-2026-08-16/batch7/docs/reference/ai-memory-layer.md","docs/archive/normal/reference/ai-memory-layer.md","B","2026-08-17","Normal historical document","","reference","N/A","2615"
"V9-ARCH-0158","audit-b4-1-code-quality","docs/archive/historical-2026-08-16/batch7/docs/reference/audit-b4-1-code-quality.md","docs/archive/normal/reference/audit-b4-1-code-quality.md","B","2026-08-17","Normal historical document","","reference","N/A","18882"
"V9-ARCH-0159","automation-test-plan","docs/archive/historical-2026-08-16/batch7/docs/reference/automation-test-plan.md","docs/archive/normal/reference/automation-test-plan.md","B","2026-08-17","Normal historical document","","reference","N/A","8225"
"V9-ARCH-0160","autonomous-workflow-optimization","docs/archive/historical-2026-08-16/batch7/docs/reference/prompts/autonomous-workflow-optimization.md","docs/archive/normal/reference/autonomous-workflow-optimization.md","B","2026-08-17","Normal historical document","","reference","N/A","14535"
"V9-ARCH-0161","autonomous-workflow-user-guide","docs/archive/historical-2026-08-16/batch7/docs/reference/autonomous-workflow-user-guide.md","docs/archive/normal/reference/autonomous-workflow-user-guide.md","B","2026-08-17","Normal historical document","","reference","N/A","10317"
"V9-ARCH-0162","autonomous-workflow-user-guide","docs/archive/historical-2026-08-16/batch7/docs/reference/prompts/autonomous-workflow-user-guide.md","docs/archive/normal/reference/autonomous-workflow-user-guide.md","B","2026-08-17","Normal historical document","","reference","N/A","10356"
"V9-ARCH-0163","batchB-fix-plan","docs/archive/historical-2026-08-16/batch7/docs/reference/batchB-fix-plan.md","docs/archive/normal/reference/batchB-fix-plan.md","B","2026-08-17","Normal historical document","","reference","N/A","8284"
"V9-ARCH-0164","batchD-fix-plan","docs/archive/historical-2026-08-16/batch7/docs/reference/batchD-fix-plan.md","docs/archive/normal/reference/batchD-fix-plan.md","B","2026-08-17","Normal historical document","","reference","N/A","10743"
"V9-ARCH-0165","batchE-fix-plan","docs/archive/historical-2026-08-16/batch7/docs/reference/batchE-fix-plan.md","docs/archive/normal/reference/batchE-fix-plan.md","B","2026-08-17","Normal historical document","","reference","N/A","9395"
"V9-ARCH-0166","code-review-cheatsheet","docs/archive/historical-2026-08-16/batch7/docs/reference/code-review-cheatsheet.md","docs/archive/normal/reference/code-review-cheatsheet.md","B","2026-08-17","Normal historical document","","reference","N/A","6564"
"V9-ARCH-0167","completeness-profile-batch1","docs/archive/historical-2026-08-16/batch7/docs/reference/completeness-profile-batch1.md","docs/archive/normal/reference/completeness-profile-batch1.md","B","2026-08-17","Normal historical document","","reference","N/A","12730"
"V9-ARCH-0168","component-deprecation-policy","docs/archive/historical-2026-08-16/batch7/docs/reference/component-deprecation-policy.md","docs/archive/normal/reference/component-deprecation-policy.md","B","2026-08-17","Normal historical document","","reference","N/A","6644"
"V9-ARCH-0169","DATA_DICTIONARY_INDEX","docs/archive/historical-2026-08-16/batch7/docs/reference/DATA_DICTIONARY_INDEX.md","docs/archive/normal/reference/DATA_DICTIONARY_INDEX.md","B","2026-08-17","Normal historical document","","reference","N/A","9303"
"V9-ARCH-0170","data-definition","docs/archive/historical-2026-08-16/batch7/docs/reference/data-definition.md","docs/archive/normal/reference/data-definition.md","B","2026-08-17","Normal historical document","","reference","N/A","57569"
"V9-ARCH-0171","data-dictionary-index","docs/archive/historical-2026-08-16/batch7/docs/reference/data-dictionary-index.md","docs/archive/normal/reference/data-dictionary-index.md","B","2026-08-17","Normal historical document","","reference","N/A","21587"
"V9-ARCH-0172","DATAFLOW_DATA_DEFINITION","docs/archive/historical-2026-08-16/batch7/docs/reference/DATAFLOW_DATA_DEFINITION.md","docs/archive/normal/reference/DATAFLOW_DATA_DEFINITION.md","B","2026-08-17","Normal historical document","","reference","N/A","6539"
"V9-ARCH-0173","dataflow-data-definition","docs/archive/historical-2026-08-16/batch7/docs/reference/dataflow-data-definition.md","docs/archive/normal/reference/dataflow-data-definition.md","B","2026-08-17","Normal historical document","","reference","N/A","7243"
"V9-ARCH-0174","data-interaction-protocols","docs/archive/historical-2026-08-16/batch7/docs/reference/data-interaction-protocols.md","docs/archive/normal/reference/data-interaction-protocols.md","B","2026-08-17","Normal historical document","","reference","N/A","3578"
"V9-ARCH-0175","data-layer-overview","docs/archive/historical-2026-08-16/batch7/docs/reference/modules/data-layer-overview.md","docs/archive/normal/reference/data-layer-overview.md","B","2026-08-17","Normal historical document","","reference","N/A","1014"
"V9-ARCH-0176","deployment","docs/archive/historical-2026-08-16/batch7/docs/reference/deployment.md","docs/archive/normal/reference/deployment.md","B","2026-08-17","Normal historical document","","reference","N/A","19519"
"V9-ARCH-0177","development-workflow-sop","docs/archive/historical-2026-08-16/batch7/docs/reference/development-workflow-sop.md","docs/archive/normal/reference/development-workflow-sop.md","B","2026-08-17","Normal historical document","","reference","N/A","19252"
"V9-ARCH-0178","doc-auto-update-kanban","docs/archive/historical-2026-08-16/batch6/docs/reference/meta/doc-auto-update-kanban.md","docs/archive/normal/reference/doc-auto-update-kanban.md","B","2026-08-17","Normal historical document","","reference","N/A","12193"
"V9-ARCH-0179","doc-trigger-action-map","docs/archive/historical-2026-08-16/batch7/docs/reference/meta/doc-trigger-action-map.md","docs/archive/normal/reference/doc-trigger-action-map.md","B","2026-08-17","Normal historical document","","reference","N/A","8922"
"V9-ARCH-0180","file-naming-conventions","docs/archive/historical-2026-08-16/batch7/docs/reference/file-naming-conventions.md","docs/archive/normal/reference/file-naming-conventions.md","B","2026-08-17","Normal historical document","","reference","N/A","9075"
"V9-ARCH-0181","input-cabin-ui-reshaping","docs/archive/historical-2026-08-16/batch7/docs/reference/input-cabin-ui-reshaping.md","docs/archive/normal/reference/input-cabin-ui-reshaping.md","B","2026-08-17","Normal historical document","","reference","N/A","4603"
"V9-ARCH-0182","MULTI_FACTOR_SCREENING_DATA_DEFINITION","docs/archive/historical-2026-08-16/batch7/docs/reference/MULTI_FACTOR_SCREENING_DATA_DEFINITION.md","docs/archive/normal/reference/MULTI_FACTOR_SCREENING_DATA_DEFINITION.md","B","2026-08-17","Normal historical document","","reference","N/A","2774"
"V9-ARCH-0183","NEWS_DATA_DEFINITION","docs/archive/historical-2026-08-16/batch7/docs/reference/NEWS_DATA_DEFINITION.md","docs/archive/normal/reference/NEWS_DATA_DEFINITION.md","B","2026-08-17","Normal historical document","","reference","N/A","8624"
"V9-ARCH-0184","news-data-definition","docs/archive/historical-2026-08-16/batch7/docs/reference/news-data-definition.md","docs/archive/normal/reference/news-data-definition.md","B","2026-08-17","Normal historical document","","reference","N/A","9024"
"V9-ARCH-0185","pr-7-trade-error-classifier-split-plan","docs/archive/historical-2026-08-16/batch7/docs/reference/changelogs/2026-07/pr-7-trade-error-classifier-split-plan.md","docs/archive/normal/reference/pr-7-trade-error-classifier-split-plan.md","B","2026-08-17","Normal historical document","","reference","N/A","43662"
"V9-ARCH-0186","pr-8-dedup-plan","docs/archive/historical-2026-08-16/batch7/docs/reference/changelogs/2026-07/pr-8-dedup-plan.md","docs/archive/normal/reference/pr-8-dedup-plan.md","B","2026-08-17","Normal historical document","","reference","N/A","12339"
"V9-ARCH-0187","pr-description","docs/archive/historical-2026-08-16/batch7/docs/reference/pr-description.md","docs/archive/normal/reference/pr-description.md","B","2026-08-17","Normal historical document","","reference","N/A","10310"
"V9-ARCH-0188","README","docs/archive/historical-2026-08-16/batch7/docs/reference/ai/README.md","docs/archive/normal/reference/README.md","B","2026-08-17","Normal historical document","","reference","N/A","1039"
"V9-ARCH-0189","README","docs/archive/historical-2026-08-16/batch7/docs/reference/modules/README.md","docs/archive/normal/reference/README.md","B","2026-08-17","Normal historical document","","reference","N/A","1369"
"V9-ARCH-0190","README","docs/archive/historical-2026-08-16/batch7/docs/reference/README.md","docs/archive/normal/reference/README.md","B","2026-08-17","Normal historical document","","reference","N/A","10278"
"V9-ARCH-0191","release-notes","docs/archive/historical-2026-08-16/batch7/docs/reference/release-notes.md","docs/archive/normal/reference/release-notes.md","B","2026-08-17","Normal historical document","","reference","N/A","6468"
"V9-ARCH-0192","rm剩余任务全量盘点与整改方案-2026-07-08","docs/archive/historical-2026-08-16/batch7/docs/reference/rm剩余任务全量盘点与整改方案-2026-07-08.md","docs/archive/normal/reference/rm剩余任务全量盘点与整改方案-2026-07-08.md","B","2026-08-17","Normal historical document","","reference","N/A","24029"
"V9-ARCH-0193","security-model","docs/archive/historical-2026-08-16/batch7/docs/reference/security-model.md","docs/archive/normal/reference/security-model.md","B","2026-08-17","Normal historical document","","reference","N/A","19339"
"V9-ARCH-0194","service-integration-guide","docs/archive/historical-2026-08-16/batch7/docs/reference/ai/service-integration-guide.md","docs/archive/normal/reference/service-integration-guide.md","B","2026-08-17","Normal historical document","","reference","N/A","23568"
"V9-ARCH-0195","stock-pool-board-migration-proposal","docs/archive/historical-2026-08-16/batch7/docs/reference/stock-pool-board-migration-proposal.md","docs/archive/normal/reference/stock-pool-board-migration-proposal.md","B","2026-08-17","Normal historical document","","reference","N/A","13325"
"V9-ARCH-0196","test-catalog","docs/archive/historical-2026-08-16/batch6/docs/reference/test-catalog.md","docs/archive/normal/reference/test-catalog.md","B","2026-08-17","Normal historical document","","reference","N/A","24563"
"V9-ARCH-0197","ui设计优化实施计划-详细版","docs/archive/historical-2026-08-16/batch7/docs/reference/ui设计优化实施计划-详细版.md","docs/archive/normal/reference/ui设计优化实施计划-详细版.md","B","2026-08-17","Normal historical document","","reference","N/A","57542"
"V9-ARCH-0198","useStockAdd","docs/archive/historical-2026-08-16/batch7/docs/reference/useStockAdd.md","docs/archive/normal/reference/useStockAdd.md","B","2026-08-17","Normal historical document","","reference","N/A","6954"
"V9-ARCH-0199","v6-cockpit-ui-reference","docs/archive/historical-2026-08-16/batch7/docs/reference/v6-cockpit-ui-reference.md","docs/archive/normal/reference/v6-cockpit-ui-reference.md","B","2026-08-17","Normal historical document","","reference","N/A","8652"
"V9-ARCH-0200","V9_数据血缘追踪","docs/archive/historical-2026-08-16/batch7/docs/reference/V9_数据血缘追踪.md","docs/archive/normal/reference/V9_数据血缘追踪.md","B","2026-08-17","Normal historical document","","reference","N/A","39304"
"V9-ARCH-0201","v9核心数据字典与类型定义(整合版)","docs/archive/historical-2026-08-16/batch7/docs/reference/v9核心数据字典与类型定义(整合版).md","docs/archive/normal/reference/v9核心数据字典与类型定义(整合版).md","B","2026-08-17","Normal historical document","","reference","N/A","165230"
"V9-ARCH-0202","v9数据架构修订建议","docs/archive/historical-2026-08-16/batch7/docs/reference/v9数据架构修订建议.md","docs/archive/normal/reference/v9数据架构修订建议.md","B","2026-08-17","Normal historical document","","reference","N/A","19380"
"V9-ARCH-0203","V9数据宪法","docs/archive/historical-2026-08-16/batch7/docs/reference/V9数据宪法.md","docs/archive/normal/reference/V9数据宪法.md","B","2026-08-17","Normal historical document","","reference","N/A","37906"
"V9-ARCH-0204","功能模块数据契约","docs/archive/historical-2026-08-16/batch7/docs/reference/功能模块数据契约.md","docs/archive/normal/reference/功能模块数据契约.md","B","2026-08-17","Normal historical document","","reference","N/A","88889"
"V9-ARCH-0205","数据治理路线图","docs/archive/historical-2026-08-16/batch7/docs/reference/数据治理路线图.md","docs/archive/normal/reference/数据治理路线图.md","B","2026-08-17","Normal historical document","","reference","N/A","8084"
"V9-ARCH-0206","reference-dual-strategy-update-log-and-consistency-check","docs/archive/historical-2026-08-15/reference-dual-strategy-update-log-and-consistency-check.md","docs/archive/normal/reference-dual-strategy-update-log-and-consistency-check.md","B","2026-08-17","Normal historical document","","general","N/A","16147"
"V9-ARCH-0207","reference-prompts-README","docs/archive/historical-2026-08-16/reference-prompts-README.md","docs/archive/normal/reference-prompts-README.md","B","2026-08-17","Normal historical document","","general","N/A","17120"
"V9-ARCH-0208","reference-refactor-research-pool-rename-plan","docs/archive/historical-2026-08-15/reference-refactor-research-pool-rename-plan.md","docs/archive/normal/reference-refactor-research-pool-rename-plan.md","B","2026-08-17","Normal historical document","","general","N/A","22449"
"V9-ARCH-0209","reference-superpowers-2026-06-29-data-relationship-blueprint","docs/archive/historical-2026-08-15/reference-superpowers-2026-06-29-data-relationship-blueprint.md","docs/archive/normal/reference-superpowers-2026-06-29-data-relationship-blueprint.md","B","2026-08-17","Normal historical document","","general","N/A","21808"
"V9-ARCH-0210","reference-ui-remediation-tracker","docs/archive/historical-2026-08-16/reference-ui-remediation-tracker.md","docs/archive/normal/reference-ui-remediation-tracker.md","B","2026-08-17","Normal historical document","","general","N/A","32672"
"V9-ARCH-0211","reference-V9现有数据资产清单","docs/archive/historical-2026-08-15/reference-V9现有数据资产清单.md","docs/archive/normal/reference-V9现有数据资产清单.md","B","2026-08-17","Normal historical document","","general","N/A","47970"
"V9-ARCH-0212","reference-文件整理清单","docs/archive/historical-2026-08-15/reference-文件整理清单.md","docs/archive/normal/reference-文件整理清单.md","B","2026-08-17","Normal historical document","","general","N/A","18809"
"V9-ARCH-0213","regression-suite","docs/archive/historical-2026-08-16/batch8/regression-suite.md","docs/archive/normal/regression-suite.md","B","2026-08-17","Normal historical document","","general","N/A","3568"
"V9-ARCH-0214","PathTrace-v1.1.0-Release","docs/archive/historical-2026-08-16/batch7/docs/releases/PathTrace-v1.1.0-Release.md","docs/archive/normal/release-notes/PathTrace-v1.1.0-Release.md","B","2026-08-17","Normal historical document","","general","N/A","12782"
"V9-ARCH-0215","《V9 代码实现分析报告》","docs/archive/historical-2026-08-16/batch6/docs/reports/《V9 代码实现分析报告》.md","docs/archive/normal/reports/《V9 代码实现分析报告》.md","B","2026-08-17","Normal historical document","","reports","N/A","8275"
"V9-ARCH-0216","《V9 架构缺陷与整改行动清单》","docs/archive/historical-2026-08-16/batch6/docs/reports/《V9 架构缺陷与整改行动清单》.md","docs/archive/normal/reports/《V9 架构缺陷与整改行动清单》.md","B","2026-08-17","Normal historical document","","reports","N/A","9052"
"V9-ARCH-0217","01-p1-debt-cleanup-todo","docs/archive/historical-2026-08-16/batch6/docs/reports/project-management/01-p1-debt-cleanup-todo.md","docs/archive/normal/reports/01-p1-debt-cleanup-todo.md","B","2026-08-17","Normal historical document","","reports","N/A","9120"
"V9-ARCH-0218","07-design-token-cleanup","docs/archive/historical-2026-08-16/batch7/docs/guides/team-handbook/07-design-token-cleanup.md","docs/archive/normal/reports/07-design-token-cleanup.md","B","2026-08-17","Normal historical document","","guides","N/A","21711"
"V9-ARCH-0219","a11y-checklist","docs/archive/historical-2026-08-16/batch7/docs/explanation/a11y-checklist.md","docs/archive/normal/reports/a11y-checklist.md","B","2026-08-17","Normal historical document","","explanation","N/A","6202"
"V9-ARCH-0220","a11y-checklist","docs/archive/historical-2026-08-16/batch7/docs/explanation/implementation/a11y-checklist.md","docs/archive/normal/reports/a11y-checklist.md","B","2026-08-17","Normal historical document","","explanation","N/A","5951"
"V9-ARCH-0221","audit-batch-C-analysis","archive/docs/reports/reports/audit-batch-C-analysis.md","docs/archive/normal/reports/audit-batch-C-analysis.md","B","2026-08-17","Normal historical document","","reports","N/A","21319"
"V9-ARCH-0222","audit-findings-2026-07-05","archive/docs/reports/reports/audit-findings-2026-07-05.md","docs/archive/normal/reports/audit-findings-2026-07-05.md","B","2026-08-17","Normal historical document","","reports","N/A","11261"
"V9-ARCH-0223","audit-hardcode-warning-distribution","archive/docs/reports/reports/audit-hardcode-warning-distribution.md","docs/archive/normal/reports/audit-hardcode-warning-distribution.md","B","2026-08-17","Normal historical document","","reports","N/A","9424"
"V9-ARCH-0224","audit-warning-report","archive/docs/reports/reports/audit/audit-warning-report.md","docs/archive/normal/reports/audit-warning-report.md","B","2026-08-17","Normal historical document","","reports","N/A","20711"
"V9-ARCH-0225","backup-governance","docs/archive/historical-2026-08-16/batch7/docs/reports/ops/backup-governance.md","docs/archive/normal/reports/backup-governance.md","B","2026-08-17","Normal historical document","","reports","N/A","19842"
"V9-ARCH-0226","batch-04-completion-report-20260812","docs/archive/historical-2026-08-16/batch7/docs/reports/governance/batch-04-completion-report-20260812.md","docs/archive/normal/reports/batch-04-completion-report-20260812.md","B","2026-08-17","Normal historical document","","reports","N/A","17254"
"V9-ARCH-0227","batch-04-tech-debt-governance-todo","docs/archive/historical-2026-08-16/batch6/docs/reports/project-management/batch-04-tech-debt-governance-todo.md","docs/archive/normal/reports/batch-04-tech-debt-governance-todo.md","B","2026-08-17","Normal historical document","","reports","N/A","18769"
"V9-ARCH-0228","batch-B-input-audit","archive/docs/reports/reports/batch-B-input-audit.md","docs/archive/normal/reports/batch-B-input-audit.md","B","2026-08-17","Normal historical document","","reports","N/A","21752"
"V9-ARCH-0229","breaking-changes-report-2026-08-03","docs/archive/historical-2026-08-16/batch6/docs/reports/governance/breaking-changes-report-2026-08-03.md","docs/archive/normal/reports/breaking-changes-report-2026-08-03.md","B","2026-08-17","Normal historical document","","reports","N/A","8532"
"V9-ARCH-0230","changelog-2026-07-04T06-45-59","archive/docs/reports/reports/changelog-2026-07-04T06-45-59.md","docs/archive/normal/reports/changelog-2026-07-04T06-45-59.md","B","2026-08-17","Normal historical document","","reports","N/A","2881"
"V9-ARCH-0231","code-quality-audit-report","docs/archive/historical-2026-08-16/batch7/docs/audit/code-quality-audit-report.md","docs/archive/normal/reports/code-quality-audit-report.md","B","2026-08-17","Normal historical document","","general","N/A","14026"
"V9-ARCH-0232","code-quality-report-2026-07-06","archive/docs/reports/reports/code-quality-report-2026-07-06.md","docs/archive/normal/reports/code-quality-report-2026-07-06.md","B","2026-08-17","Normal historical document","","reports","N/A","6721"
"V9-ARCH-0233","code-review-wip-2026-07-11","archive/docs/reports/reports/code-review-wip-2026-07-11.md","docs/archive/normal/reports/code-review-wip-2026-07-11.md","B","2026-08-17","Normal historical document","","reports","N/A","9511"
"V9-ARCH-0234","COMMIT-LOG-design-token-cleanup","docs/archive/historical-2026-08-16/batch7/docs/release-notes/COMMIT-LOG-design-token-cleanup.md","docs/archive/normal/reports/COMMIT-LOG-design-token-cleanup.md","B","2026-08-17","Normal historical document","","general","N/A","8623"
"V9-ARCH-0235","core-data-strategy-report","docs/archive/historical-2026-08-16/batch6/docs/explanation/core-data-strategy-report.md","docs/archive/normal/reports/core-data-strategy-report.md","B","2026-08-17","Normal historical document","","explanation","N/A","49822"
"V9-ARCH-0236","core-scarce-strategy_strategy","docs/archive/historical-2026-08-16/batch6/docs/reports/strategy/core-scarce-strategy_strategy.md","docs/archive/normal/reports/core-scarce-strategy_strategy.md","B","2026-08-17","Normal historical document","","reports","N/A","6174"
"V9-ARCH-0237","dependency-analysis","archive/docs/reports/reports/dependency-analysis.md","docs/archive/normal/reports/dependency-analysis.md","B","2026-08-17","Normal historical document","","reports","N/A","3768"
"V9-ARCH-0238","deployment","docs/archive/historical-2026-08-16/batch7/docs/reports/ops/deployment.md","docs/archive/normal/reports/deployment.md","B","2026-08-17","Normal historical document","","reports","N/A","791"
"V9-ARCH-0239","design-system-audit-report","docs/archive/historical-2026-08-16/batch7/docs/explanation/design/design-system-audit-report.md","docs/archive/normal/reports/design-system-audit-report.md","B","2026-08-17","Normal historical document","","explanation","N/A","28632"
"V9-ARCH-0240","design-tokens-implementation-report","archive/docs/reports/reports/design-tokens-implementation-report.md","docs/archive/normal/reports/design-tokens-implementation-report.md","B","2026-08-17","Normal historical document","","reports","N/A","14280"
"V9-ARCH-0241","development-lessons-learned","docs/archive/historical-2026-08-16/batch6/docs/reports/project-management/development-lessons-learned.md","docs/archive/normal/reports/development-lessons-learned.md","B","2026-08-17","Normal historical document","","reports","N/A","27064"
"V9-ARCH-0242","development-log","docs/archive/historical-2026-08-16/batch6/docs/reports/changelogs/development-log.md","docs/archive/normal/reports/development-log.md","B","2026-08-17","Normal historical document","","reports","N/A","5612"
"V9-ARCH-0243","development-roadmap-todo","docs/archive/historical-2026-08-16/batch6/docs/guides/how-to/development-roadmap-todo.md","docs/archive/normal/reports/development-roadmap-todo.md","B","2026-08-17","Normal historical document","","guides","N/A","18512"
"V9-ARCH-0244","doc-auto-update-2026-07-12T12-55-16Z","archive/docs/reports/reports/doc-pipeline/doc-auto-update-2026-07-12T12-55-16Z.md","docs/archive/normal/reports/doc-auto-update-2026-07-12T12-55-16Z.md","B","2026-08-17","Normal historical document","","reports","N/A","1716"
"V9-ARCH-0245","doc-auto-update-2026-07-12T13-07-01Z","archive/docs/reports/reports/doc-pipeline/doc-auto-update-2026-07-12T13-07-01Z.md","docs/archive/normal/reports/doc-auto-update-2026-07-12T13-07-01Z.md","B","2026-08-17","Normal historical document","","reports","N/A","1714"
"V9-ARCH-0246","doc-auto-update-2026-07-12T13-07-02Z","archive/docs/reports/reports/doc-pipeline/doc-auto-update-2026-07-12T13-07-02Z.md","docs/archive/normal/reports/doc-auto-update-2026-07-12T13-07-02Z.md","B","2026-08-17","Normal historical document","","reports","N/A","1716"
"V9-ARCH-0247","error-handling-patch-report-2026-07-12","archive/docs/reports/reports/error-handling-patch-report-2026-07-12.md","docs/archive/normal/reports/error-handling-patch-report-2026-07-12.md","B","2026-08-17","Normal historical document","","reports","N/A","986"
"V9-ARCH-0248","explanation-optimization-progress-report","docs/archive/historical-2026-08-16/explanation-optimization-progress-report.md","docs/archive/normal/reports/explanation-optimization-progress-report.md","B","2026-08-17","Normal historical document","","general","N/A","26352"
"V9-ARCH-0249","file-management-compliance-report-2026-07-12","archive/docs/reports/reports/file-management-compliance-report-2026-07-12.md","docs/archive/normal/reports/file-management-compliance-report-2026-07-12.md","B","2026-08-17","Normal historical document","","reports","N/A","11789"
"V9-ARCH-0250","full-audit-inventory-2026-07-05","archive/docs/reports/reports/full-audit-inventory-2026-07-05.md","docs/archive/normal/reports/full-audit-inventory-2026-07-05.md","B","2026-08-17","Normal historical document","","reports","N/A","13938"
"V9-ARCH-0251","hardcode-warning-root-cause-analysis","archive/docs/reports/reports/hardcode-warning-root-cause-analysis.md","docs/archive/normal/reports/hardcode-warning-root-cause-analysis.md","B","2026-08-17","Normal historical document","","reports","N/A","17879"
"V9-ARCH-0252","health-report","docs/archive/historical-2026-08-16/batch6/docs/reports/health-report.md","docs/archive/normal/reports/health-report.md","B","2026-08-17","Normal historical document","","reports","N/A","9310"
"V9-ARCH-0253","hot-momentum-strategy_strategy","docs/archive/historical-2026-08-16/batch6/docs/reports/strategy/hot-momentum-strategy_strategy.md","docs/archive/normal/reports/hot-momentum-strategy_strategy.md","B","2026-08-17","Normal historical document","","reports","N/A","7787"
"V9-ARCH-0254","KB-TECH-DEBT-20260811-04-batch-fix-plan","docs/archive/historical-2026-08-16/batch7/docs/reports/governance/KB-TECH-DEBT-20260811-04-batch-fix-plan.md","docs/archive/normal/reports/KB-TECH-DEBT-20260811-04-batch-fix-plan.md","B","2026-08-17","Normal historical document","","reports","N/A","18335"
"V9-ARCH-0255","knowledge-graph-token-optimization-report","archive/docs/reports/reports/knowledge-graph-token-optimization-report.md","docs/archive/normal/reports/knowledge-graph-token-optimization-report.md","B","2026-08-17","Normal historical document","","reports","N/A","4058"
"V9-ARCH-0256","latest","archive/docs/reports/reports/lessons-learned/latest.md","docs/archive/normal/reports/latest.md","B","2026-08-17","Normal historical document","","reports","N/A","1003"
"V9-ARCH-0257","lessons-learned-2026-07-12","archive/docs/reports/reports/lessons-learned/lessons-learned-2026-07-12.md","docs/archive/normal/reports/lessons-learned-2026-07-12.md","B","2026-08-17","Normal historical document","","reports","N/A","1003"
"V9-ARCH-0258","llm-api-key-realtime-test-plan","docs/archive/historical-2026-08-16/batch7/docs/reports/testing/llm-api-key-realtime-test-plan.md","docs/archive/normal/reports/llm-api-key-realtime-test-plan.md","B","2026-08-17","Normal historical document","","reports","N/A","22819"
"V9-ARCH-0259","llm-api-key-release-acceptance-report-2026-08-15","docs/archive/historical-2026-08-16/batch7/docs/releases/llm-api-key-release-acceptance-report-2026-08-15.md","docs/archive/normal/reports/llm-api-key-release-acceptance-report-2026-08-15.md","B","2026-08-17","Normal historical document","","general","N/A","17883"
"V9-ARCH-0260","mcp-acl-fix-plan-2026-07-08","archive/docs/reports/reports/mcp-acl-fix-plan-2026-07-08.md","docs/archive/normal/reports/mcp-acl-fix-plan-2026-07-08.md","B","2026-08-17","Normal historical document","","reports","N/A","26178"
"V9-ARCH-0261","mcp-coupling-analysis-report","docs/archive/historical-2026-08-16/batch7/docs/explanation/architecture/mcp-coupling-analysis-report.md","docs/archive/normal/reports/mcp-coupling-analysis-report.md","B","2026-08-17","Normal historical document","","architecture","N/A","25744"
"V9-ARCH-0262","mcp-direct-service-import-debt-fix-plan-2026-08-12","docs/archive/historical-2026-08-16/batch6/docs/reports/governance/mcp-direct-service-import-debt-fix-plan-2026-08-12.md","docs/archive/normal/reports/mcp-direct-service-import-debt-fix-plan-2026-08-12.md","B","2026-08-17","Normal historical document","","reports","N/A","14162"
"V9-ARCH-0263","mcp-integration-test-report-2026-07-08-v2","archive/docs/reports/reports/mcp-integration-test-report-2026-07-08-v2.md","docs/archive/normal/reports/mcp-integration-test-report-2026-07-08-v2.md","B","2026-08-17","Normal historical document","","reports","N/A","11929"
"V9-ARCH-0264","mcp-usage-report-1783921319222","archive/docs/reports/reports/audit/mcp-usage/mcp-usage-report-1783921319222.md","docs/archive/normal/reports/mcp-usage-report-1783921319222.md","B","2026-08-17","Normal historical document","","reports","N/A","339"
"V9-ARCH-0265","meta-audit-reports-agent-audit-report","docs/archive/historical-2026-08-15/meta-audit-reports-agent-audit-report.md","docs/archive/normal/reports/meta-audit-reports-agent-audit-report.md","B","2026-08-17","Normal historical document","","general","N/A","27946"
"V9-ARCH-0266","mock-data-cleanup-lessons","docs/archive/historical-2026-08-16/batch7/docs/guides/development/mock-data-cleanup-lessons.md","docs/archive/normal/reports/mock-data-cleanup-lessons.md","B","2026-08-17","Normal historical document","","guides","N/A","8459"
"V9-ARCH-0267","mock-isolation-final-report-v1.2-2026-08-10","docs/archive/historical-2026-08-16/batch6/docs/reports/testing/mock-isolation-final-report-v1.2-2026-08-10.md","docs/archive/normal/reports/mock-isolation-final-report-v1.2-2026-08-10.md","B","2026-08-17","Normal historical document","","reports","N/A","20344"
"V9-ARCH-0268","mock-isolation-fix-report-2026-08-10","docs/archive/historical-2026-08-16/batch7/docs/reports/testing/mock-isolation-fix-report-2026-08-10.md","docs/archive/normal/reports/mock-isolation-fix-report-2026-08-10.md","B","2026-08-17","Normal historical document","","reports","N/A","5208"
"V9-ARCH-0269","mock-isolation-governance-summary-2026-08-10","docs/archive/historical-2026-08-16/batch6/docs/reports/testing/mock-isolation-governance-summary-2026-08-10.md","docs/archive/normal/reports/mock-isolation-governance-summary-2026-08-10.md","B","2026-08-17","Normal historical document","","reports","N/A","5838"
"V9-ARCH-0270","mock-isolation-risk-list-2026-08-10","docs/archive/historical-2026-08-16/batch7/docs/reports/testing/mock-isolation-risk-list-2026-08-10.md","docs/archive/normal/reports/mock-isolation-risk-list-2026-08-10.md","B","2026-08-17","Normal historical document","","reports","N/A","5630"
"V9-ARCH-0271","monthly-2026-07","archive/docs/reports/reports/monthly-2026-07.md","docs/archive/normal/reports/monthly-2026-07.md","B","2026-08-17","Normal historical document","","reports","N/A","2917"
"V9-ARCH-0272","monthly-2026-07_changelogs","docs/archive/historical-2026-08-16/batch7/docs/reports/changelogs/monthly-2026-07_changelogs.md","docs/archive/normal/reports/monthly-2026-07_changelogs.md","B","2026-08-17","Normal historical document","","reports","N/A","3378"
"V9-ARCH-0273","nested-code-review-report","docs/archive/historical-2026-08-16/batch8/nested-code-review-report.md","docs/archive/normal/reports/nested-code-review-report.md","B","2026-08-17","Normal historical document","","general","N/A","26968"
"V9-ARCH-0274","p0-seed-retry-memory-fallback-release-report","docs/archive/historical-2026-08-16/batch7/docs/reports/release-management/p0-seed-retry-memory-fallback-release-report.md","docs/archive/normal/reports/p0-seed-retry-memory-fallback-release-report.md","B","2026-08-17","Normal historical document","","reports","N/A","11921"
"V9-ARCH-0275","p0-test-coverage-improvement-plan-2026-08-09","docs/archive/historical-2026-08-16/batch7/docs/reports/p0-test-coverage-improvement-plan-2026-08-09.md","docs/archive/normal/reports/p0-test-coverage-improvement-plan-2026-08-09.md","B","2026-08-17","Normal historical document","","reports","N/A","5538"
"V9-ARCH-0276","p1-llmEnhancer-test-failure-investigation-2026-08-09","docs/archive/historical-2026-08-16/batch7/docs/reports/p1-llmEnhancer-test-failure-investigation-2026-08-09.md","docs/archive/normal/reports/p1-llmEnhancer-test-failure-investigation-2026-08-09.md","B","2026-08-17","Normal historical document","","reports","N/A","11401"
"V9-ARCH-0277","penetration-test-report","docs/archive/historical-2026-08-16/batch8/penetration-test-report.md","docs/archive/normal/reports/penetration-test-report.md","B","2026-08-17","Normal historical document","","general","N/A","5947"
"V9-ARCH-0278","phase1-execution-checklist-2026-08-09","docs/archive/historical-2026-08-16/batch7/docs/reports/testing/phase1-execution-checklist-2026-08-09.md","docs/archive/normal/reports/phase1-execution-checklist-2026-08-09.md","B","2026-08-17","Normal historical document","","reports","N/A","8576"
"V9-ARCH-0279","pr-8-dedup-audit-report","docs/archive/historical-2026-08-16/batch7/docs/reference/changelogs/2026-07/pr-8-dedup-audit-report.md","docs/archive/normal/reports/pr-8-dedup-audit-report.md","B","2026-08-17","Normal historical document","","reference","N/A","22306"
"V9-ARCH-0280","pre-commit-full-validation-2026-07-13","archive/docs/reports/reports/audit/pre-commit-full-validation-2026-07-13.md","docs/archive/normal/reports/pre-commit-full-validation-2026-07-13.md","B","2026-08-17","Normal historical document","","reports","N/A","7435"
"V9-ARCH-0281","preexisting-test-failures-remediation-plan-2026-08-09","docs/archive/historical-2026-08-16/batch6/docs/reports/testing/preexisting-test-failures-remediation-plan-2026-08-09.md","docs/archive/normal/reports/preexisting-test-failures-remediation-plan-2026-08-09.md","B","2026-08-17","Normal historical document","","reports","N/A","9175"
"V9-ARCH-0282","pre-testing-checklist","docs/archive/historical-2026-08-16/batch6/docs/reports/testing/pre-testing-checklist.md","docs/archive/normal/reports/pre-testing-checklist.md","B","2026-08-17","Normal historical document","","reports","N/A","23498"
"V9-ARCH-0283","proj-195-vs-proj-260-diff","docs/archive/historical-2026-08-16/batch6/docs/reports/proj-195-vs-proj-260-diff.md","docs/archive/normal/reports/proj-195-vs-proj-260-diff.md","B","2026-08-17","Normal historical document","","reports","N/A","5048"
"V9-ARCH-0284","proofread-report","archive/docs/reports/reports/test/proofread-report.md","docs/archive/normal/reports/proofread-report.md","B","2026-08-17","Normal historical document","","reports","N/A","1128"
"V9-ARCH-0285","PR-TEMPLATE-v2-governance-2026-08-10","docs/archive/historical-2026-08-16/batch6/docs/reports/PR-TEMPLATE-v2-governance-2026-08-10.md","docs/archive/normal/reports/PR-TEMPLATE-v2-governance-2026-08-10.md","B","2026-08-17","Normal historical document","","reports","N/A","11398"
"V9-ARCH-0286","README","docs/archive/historical-2026-08-16/batch7/docs/reports/testing/README.md","docs/archive/normal/reports/README.md","B","2026-08-17","Normal historical document","","reports","N/A","1129"
"V9-ARCH-0287","README","docs/archive/historical-2026-08-16/batch7/docs/reports/project-management/README.md","docs/archive/normal/reports/README.md","B","2026-08-17","Normal historical document","","reports","N/A","1287"
"V9-ARCH-0288","README","archive/docs/reports/reports/audit/README.md","docs/archive/normal/reports/README.md","B","2026-08-17","Normal historical document","","reports","N/A","101"
"V9-ARCH-0289","README_project-management","docs/archive/historical-2026-08-16/batch7/docs/reports/project-management/README_project-management.md","docs/archive/normal/reports/README_project-management.md","B","2026-08-17","Normal historical document","","reports","N/A","1355"
"V9-ARCH-0290","README_release-management","docs/archive/historical-2026-08-16/batch6/docs/reports/release-management/README_release-management.md","docs/archive/normal/reports/README_release-management.md","B","2026-08-17","Normal historical document","","reports","N/A","2033"
"V9-ARCH-0291","README_reports","docs/archive/historical-2026-08-16/batch6/docs/reports/README_reports.md","docs/archive/normal/reports/README_reports.md","B","2026-08-17","Normal historical document","","reports","N/A","2776"
"V9-ARCH-0292","README_testing","docs/archive/historical-2026-08-16/batch6/docs/reports/testing/README_testing.md","docs/archive/normal/reports/README_testing.md","B","2026-08-17","Normal historical document","","reports","N/A","1226"
"V9-ARCH-0293","refactoring-plan-2026-07-04","archive/docs/reports/reports/refactoring-plan-2026-07-04.md","docs/archive/normal/reports/refactoring-plan-2026-07-04.md","B","2026-08-17","Normal historical document","","reports","N/A","7458"
"V9-ARCH-0294","registry-duplicate-docid-3-groups","docs/archive/historical-2026-08-16/batch6/docs/reports/registry-duplicate-docid-3-groups.md","docs/archive/normal/reports/registry-duplicate-docid-3-groups.md","B","2026-08-17","Normal historical document","","reports","N/A","3386"
"V9-ARCH-0295","registry-fill-checklist-V9-DOC-PROJ","docs/archive/historical-2026-08-16/batch6/docs/reports/registry-fill-checklist-V9-DOC-PROJ.md","docs/archive/normal/reports/registry-fill-checklist-V9-DOC-PROJ.md","B","2026-08-17","Normal historical document","","reports","N/A","6168"
"V9-ARCH-0296","registry-fill-checklist-V9-DOC-QA","docs/archive/historical-2026-08-16/batch7/docs/reports/registry-fill-checklist-V9-DOC-QA.md","docs/archive/normal/reports/registry-fill-checklist-V9-DOC-QA.md","B","2026-08-17","Normal historical document","","reports","N/A","3899"
"V9-ARCH-0297","registry-governance-summary","docs/archive/historical-2026-08-16/batch7/docs/reference/changelogs/2026-08/registry-governance-summary.md","docs/archive/normal/reports/registry-governance-summary.md","B","2026-08-17","Normal historical document","","reference","N/A","19457"
"V9-ARCH-0298","RELEASE_NOTES","docs/archive/historical-2026-08-16/batch7/docs/reports/RELEASE_NOTES.md","docs/archive/normal/reports/RELEASE_NOTES.md","B","2026-08-17","Normal historical document","","reports","N/A","16283"
"V9-ARCH-0299","reports-acl-cleanup-and-doc-fix-log-2026-08-09","docs/archive/historical-2026-08-15/reports-acl-cleanup-and-doc-fix-log-2026-08-09.md","docs/archive/normal/reports/reports-acl-cleanup-and-doc-fix-log-2026-08-09.md","B","2026-08-17","Normal historical document","","general","N/A","16161"
"V9-ARCH-0300","reports-action-plans-encoding-damage-systematic-fix-plan","docs/archive/historical-2026-08-15/reports-action-plans-encoding-damage-systematic-fix-plan.md","docs/archive/normal/reports/reports-action-plans-encoding-damage-systematic-fix-plan.md","B","2026-08-17","Normal historical document","","general","N/A","11888"
"V9-ARCH-0301","reports-CHANGELOG","docs/archive/historical-2026-08-15/reports-CHANGELOG.md","docs/archive/normal/reports/reports-CHANGELOG.md","B","2026-08-17","Normal historical document","","general","N/A","41103"
"V9-ARCH-0302","reports-changelogs-CHANGELOG_changelogs","docs/archive/historical-2026-08-15/reports-changelogs-CHANGELOG_changelogs.md","docs/archive/normal/reports/reports-changelogs-CHANGELOG_changelogs.md","B","2026-08-17","Normal historical document","","general","N/A","54610"
"V9-ARCH-0303","reports-changelogs-README","docs/archive/historical-2026-08-16/reports-changelogs-README.md","docs/archive/normal/reports/reports-changelogs-README.md","B","2026-08-17","Normal historical document","","general","N/A","5524"
"V9-ARCH-0304","reports-governance-governance-summary-2026-08-03","docs/archive/historical-2026-08-15/reports-governance-governance-summary-2026-08-03.md","docs/archive/normal/reports/reports-governance-governance-summary-2026-08-03.md","B","2026-08-17","Normal historical document","","general","N/A","11017"
"V9-ARCH-0305","reports-project-management-docs-governance-file-structure-report-2026-08-03","docs/archive/historical-2026-08-15/reports-project-management-docs-governance-file-structure-report-2026-08-03.md","docs/archive/normal/reports/reports-project-management-docs-governance-file-structure-report-2026-08-03.md","B","2026-08-17","Normal historical document","","general","N/A","16689"
"V9-ARCH-0306","reports-test-catalog-gap-analysis-2026-08-09","docs/archive/historical-2026-08-15/reports-test-catalog-gap-analysis-2026-08-09.md","docs/archive/normal/reports/reports-test-catalog-gap-analysis-2026-08-09.md","B","2026-08-17","Normal historical document","","general","N/A","38672"
"V9-ARCH-0307","reports-testing-test-catalog","docs/archive/historical-2026-08-16/reports-testing-test-catalog.md","docs/archive/normal/reports/reports-testing-test-catalog.md","B","2026-08-17","Normal historical document","","general","N/A","24838"
"V9-ARCH-0308","rollback-drill-report","docs/archive/historical-2026-08-16/batch8/rollback-drill-report.md","docs/archive/normal/reports/rollback-drill-report.md","B","2026-08-17","Normal historical document","","general","N/A","11546"
"V9-ARCH-0309","runbook","docs/archive/historical-2026-08-16/batch7/docs/reports/ops/runbook.md","docs/archive/normal/reports/runbook.md","B","2026-08-17","Normal historical document","","reports","N/A","748"
"V9-ARCH-0310","SOLO-REVIEW","docs/archive/historical-2026-08-16/batch6/docs/reports/SOLO-REVIEW.md","docs/archive/normal/reports/SOLO-REVIEW.md","B","2026-08-17","Normal historical document","","reports","N/A","21945"
"V9-ARCH-0311","stage3-4-changelog-2026-08-09","docs/archive/historical-2026-08-16/batch7/docs/lessons/stage3-4-changelog-2026-08-09.md","docs/archive/normal/reports/stage3-4-changelog-2026-08-09.md","B","2026-08-17","Normal historical document","","general","N/A","9037"
"V9-ARCH-0312","stage3-4-review-checklist-2026-08-09","docs/archive/historical-2026-08-16/batch7/docs/lessons/stage3-4-review-checklist-2026-08-09.md","docs/archive/normal/reports/stage3-4-review-checklist-2026-08-09.md","B","2026-08-17","Normal historical document","","general","N/A","5501"
"V9-ARCH-0313","stock-selection-strategy_strategy","docs/archive/historical-2026-08-16/batch6/docs/reports/strategy/stock-selection-strategy_strategy.md","docs/archive/normal/reports/stock-selection-strategy_strategy.md","B","2026-08-17","Normal historical document","","reports","N/A","8695"
"V9-ARCH-0314","strategy-doc-header-checklist","docs/archive/historical-2026-08-16/batch7/docs/meta/strategy-doc-header-checklist.md","docs/archive/normal/reports/strategy-doc-header-checklist.md","B","2026-08-17","Normal historical document","","general","N/A","27157"
"V9-ARCH-0315","SUMMARY-design-token-cleanup-v3","docs/archive/historical-2026-08-16/batch7/docs/release-notes/SUMMARY-design-token-cleanup-v3.md","docs/archive/normal/reports/SUMMARY-design-token-cleanup-v3.md","B","2026-08-17","Normal historical document","","general","N/A","10203"
"V9-ARCH-0316","system-rectification-final-report","archive/docs/reports/reports/system-rectification-final-report.md","docs/archive/normal/reports/system-rectification-final-report.md","B","2026-08-17","Normal historical document","","reports","N/A","9185"
"V9-ARCH-0317","system-rectification-report-2026-07-12","archive/docs/reports/reports/system-rectification-report-2026-07-12.md","docs/archive/normal/reports/system-rectification-report-2026-07-12.md","B","2026-08-17","Normal historical document","","reports","N/A","7498"
"V9-ARCH-0318","T11-compliance-audit-report","archive/docs/reports/reports/T11-compliance-audit-report.md","docs/archive/normal/reports/T11-compliance-audit-report.md","B","2026-08-17","Normal historical document","","reports","N/A","4711"
"V9-ARCH-0319","TECH-DEBT","docs/archive/historical-2026-08-16/batch6/docs/reports/TECH-DEBT.md","docs/archive/normal/reports/TECH-DEBT.md","B","2026-08-17","Normal historical document","","reports","N/A","30264"
"V9-ARCH-0320","tech-debt-governance-summary-2026-08-10","docs/archive/historical-2026-08-16/batch6/docs/reports/governance/tech-debt-governance-summary-2026-08-10.md","docs/archive/normal/reports/tech-debt-governance-summary-2026-08-10.md","B","2026-08-17","Normal historical document","","reports","N/A","12392"
"V9-ARCH-0321","tech-debt-governance-summary-phase-2-2026-08-10","docs/archive/historical-2026-08-16/batch6/reports/governance/tech-debt-governance-summary-phase-2-2026-08-10.md","docs/archive/normal/reports/tech-debt-governance-summary-phase-2-2026-08-10.md","B","2026-08-17","Normal historical document","","reports","N/A","12825"
"V9-ARCH-0322","test-artifacts-cleanup-list","archive/docs/reports/reports/test-artifacts-cleanup-list.md","docs/archive/normal/reports/test-artifacts-cleanup-list.md","B","2026-08-17","Normal historical document","","reports","N/A","2236"
"V9-ARCH-0323","test-coverage-comparison-v2.2.1","archive/docs/reports/reports/test-coverage-comparison-v2.2.1.md","docs/archive/normal/reports/test-coverage-comparison-v2.2.1.md","B","2026-08-17","Normal historical document","","reports","N/A","8124"
"V9-ARCH-0324","test-duplicate-cleanup-suggestions-2026-08-09","docs/archive/historical-2026-08-16/batch7/docs/reports/test-duplicate-cleanup-suggestions-2026-08-09.md","docs/archive/normal/reports/test-duplicate-cleanup-suggestions-2026-08-09.md","B","2026-08-17","Normal historical document","","reports","N/A","6976"
"V9-ARCH-0325","test-failure-analysis-report","archive/docs/reports/reports/test-failure-analysis-report.md","docs/archive/normal/reports/test-failure-analysis-report.md","B","2026-08-17","Normal historical document","","reports","N/A","8492"
"V9-ARCH-0326","token-consumption-analysis-2026-07-04","archive/docs/reports/reports/token-consumption-analysis-2026-07-04.md","docs/archive/normal/reports/token-consumption-analysis-2026-07-04.md","B","2026-08-17","Normal historical document","","reports","N/A","11543"
"V9-ARCH-0327","token-optimization-best-practices","archive/docs/reports/reports/token-optimization-best-practices.md","docs/archive/normal/reports/token-optimization-best-practices.md","B","2026-08-17","Normal historical document","","reports","N/A","31223"
"V9-ARCH-0328","trading-fix-diff-summary-2026-08-11","docs/archive/historical-2026-08-16/batch6/docs/reports/testing/trading-fix-diff-summary-2026-08-11.md","docs/archive/normal/reports/trading-fix-diff-summary-2026-08-11.md","B","2026-08-17","Normal historical document","","reports","N/A","4760"
"V9-ARCH-0329","trading-mobile-nav-commit-changelog-2026-08-12","docs/archive/historical-2026-08-16/batch6/docs/reports/testing/trading-mobile-nav-commit-changelog-2026-08-12.md","docs/archive/normal/reports/trading-mobile-nav-commit-changelog-2026-08-12.md","B","2026-08-17","Normal historical document","","reports","N/A","4024"
"V9-ARCH-0330","type-debt-cleanup-2026-08-12","docs/archive/historical-2026-08-16/batch7/docs/reports/audit/type-debt-cleanup-2026-08-12.md","docs/archive/normal/reports/type-debt-cleanup-2026-08-12.md","B","2026-08-17","Normal historical document","","reports","N/A","3454"
"V9-ARCH-0331","type-error-diagnosis-report","archive/docs/reports/reports/type-error-diagnosis-report.md","docs/archive/normal/reports/type-error-diagnosis-report.md","B","2026-08-17","Normal historical document","","reports","N/A","11617"
"V9-ARCH-0332","ui-only-implementation-summary","docs/archive/historical-2026-08-16/batch7/docs/explanation/ui-only-implementation-summary.md","docs/archive/normal/reports/ui-only-implementation-summary.md","B","2026-08-17","Normal historical document","","explanation","N/A","8094"
"V9-ARCH-0333","v2.2.1-test-coverage-comparison","archive/docs/reports/reports/v2.2.1-test-coverage-comparison.md","docs/archive/normal/reports/v2.2.1-test-coverage-comparison.md","B","2026-08-17","Normal historical document","","reports","N/A","39314"
"V9-ARCH-0334","v2.6.0-changelog-draft","docs/archive/historical-2026-08-16/batch7/docs/reports/release-management/v2.6.0-changelog-draft.md","docs/archive/normal/reports/v2.6.0-changelog-draft.md","B","2026-08-17","Normal historical document","","reports","N/A","5919"
"V9-ARCH-0335","v2.6.0-release-report","docs/archive/historical-2026-08-16/batch7/docs/reports/release-management/v2.6.0-release-report.md","docs/archive/normal/reports/v2.6.0-release-report.md","B","2026-08-17","Normal historical document","","reports","N/A","2377"
"V9-ARCH-0336","v6pro-ui-page-diff-report","docs/archive/historical-2026-08-16/batch7/docs/explanation/v6pro-ui-page-diff-report.md","docs/archive/normal/reports/v6pro-ui-page-diff-report.md","B","2026-08-17","Normal historical document","","explanation","N/A","23161"
"V9-ARCH-0337","v6-v9-ui-component-comparison-report","docs/archive/historical-2026-08-16/batch7/docs/audit/v6-v9-ui-component-comparison-report.md","docs/archive/normal/reports/v6-v9-ui-component-comparison-report.md","B","2026-08-17","Normal historical document","","general","N/A","9385"
"V9-ARCH-0338","v9-code-quality-audit-report-20260629","docs/archive/historical-2026-08-16/batch7/docs/reference/v9-code-quality-audit-report-20260629.md","docs/archive/normal/reports/v9-code-quality-audit-report-20260629.md","B","2026-08-17","Normal historical document","","reference","N/A","36027"
"V9-ARCH-0339","v9-code-quality-audit-report-20260629","docs/archive/historical-2026-08-16/batch7/docs/explanation/v9-code-quality-audit-report-20260629.md","docs/archive/normal/reports/v9-code-quality-audit-report-20260629.md","B","2026-08-17","Normal historical document","","explanation","N/A","36066"
"V9-ARCH-0340","v9-code-quality-audit-report-20260713","docs/archive/historical-2026-08-16/batch8/v9-code-quality-audit-report-20260713.md","docs/archive/normal/reports/v9-code-quality-audit-report-20260713.md","B","2026-08-17","Normal historical document","","general","N/A","7008"
"V9-ARCH-0341","v9-input-cabin-strategy-report","docs/archive/historical-2026-08-16/batch8/v9-input-cabin-strategy-report.md","docs/archive/normal/reports/v9-input-cabin-strategy-report.md","B","2026-08-17","Normal historical document","","general","N/A","15765"
"V9-ARCH-0342","v9-post-dev-review","docs/archive/historical-2026-08-16/batch6/docs/reports/project-management/v9-post-dev-review.md","docs/archive/normal/reports/v9-post-dev-review.md","B","2026-08-17","Normal historical document","","reports","N/A","11373"
"V9-ARCH-0343","value-bargain-strategy_strategy","docs/archive/historical-2026-08-16/batch6/docs/reports/strategy/value-bargain-strategy_strategy.md","docs/archive/normal/reports/value-bargain-strategy_strategy.md","B","2026-08-17","Normal historical document","","reports","N/A","9177"
"V9-ARCH-0344","watchlist-movers-cleanup-final-report-2026-08-15","docs/archive/historical-2026-08-16/batch6/docs/reports/watchlist-movers-cleanup-final-report-2026-08-15.md","docs/archive/normal/reports/watchlist-movers-cleanup-final-report-2026-08-15.md","B","2026-08-17","Normal historical document","","reports","N/A","11015"
"V9-ARCH-0345","watchlist-movers-cleanup-status-2026-08-15","docs/archive/historical-2026-08-16/batch6/docs/reports/watchlist-movers-cleanup-status-2026-08-15.md","docs/archive/normal/reports/watchlist-movers-cleanup-status-2026-08-15.md","B","2026-08-17","Normal historical document","","reports","N/A","10102"
"V9-ARCH-0346","watchlist-strategy_strategy","docs/archive/historical-2026-08-16/batch6/docs/reports/strategy/watchlist-strategy_strategy.md","docs/archive/normal/reports/watchlist-strategy_strategy.md","B","2026-08-17","Normal historical document","","reports","N/A","7400"
"V9-ARCH-0347","widget-integration-checklist","docs/archive/historical-2026-08-16/batch8/widget-integration-checklist.md","docs/archive/normal/reports/widget-integration-checklist.md","B","2026-08-17","Normal historical document","","general","N/A","5131"
"V9-ARCH-0348","zero-fallback-remediation-acceptance-report-2026-07-26","docs/archive/historical-2026-08-16/batch7/docs/reports/zero-fallback-remediation-acceptance-report-2026-07-26.md","docs/archive/normal/reports/zero-fallback-remediation-acceptance-report-2026-07-26.md","B","2026-08-17","Normal historical document","","reports","N/A","12218"
"V9-ARCH-0349","脚本与测试质量检查报告","archive/docs/reports/reports/脚本与测试质量检查报告.md","docs/archive/normal/reports/脚本与测试质量检查报告.md","B","2026-08-17","Normal historical document","","reports","N/A","13151"
"V9-ARCH-0350","runbook","docs/archive/historical-2026-08-16/batch8/runbook.md","docs/archive/normal/runbook.md","B","2026-08-17","Normal historical document","","general","N/A","2359"
"V9-ARCH-0351","seven-dim-config-data-definition","docs/archive/historical-2026-08-16/batch8/seven-dim-config-data-definition.md","docs/archive/normal/seven-dim-config-data-definition.md","B","2026-08-17","Normal historical document","","general","N/A","19010"
"V9-ARCH-0352","song-aesthetics","docs/archive/historical-2026-08-16/batch8/song-aesthetics.md","docs/archive/normal/song-aesthetics.md","B","2026-08-17","Normal historical document","","general","N/A","1961"
"V9-ARCH-0353","spacing-tokens","docs/archive/historical-2026-08-16/batch8/spacing-tokens.md","docs/archive/normal/spacing-tokens.md","B","2026-08-17","Normal historical document","","general","N/A","5891"
"V9-ARCH-0354","stock-selection-strategy","docs/archive/historical-2026-08-16/batch8/stock-selection-strategy.md","docs/archive/normal/stock-selection-strategy.md","B","2026-08-17","Normal historical document","","general","N/A","8153"
"V9-ARCH-0355","task-graph-template","docs/archive/historical-2026-08-16/batch8/task-graph-template.md","docs/archive/normal/task-graph-template.md","B","2026-08-17","Normal historical document","","general","N/A","4236"
"V9-ARCH-0356","token-usage-cookbook","docs/archive/historical-2026-08-16/batch8/token-usage-cookbook.md","docs/archive/normal/token-usage-cookbook.md","B","2026-08-17","Normal historical document","","general","N/A","3458"
"V9-ARCH-0357","ui-design-system","docs/archive/historical-2026-08-16/batch8/ui-design-system.md","docs/archive/normal/ui-design-system.md","B","2026-08-17","Normal historical document","","general","N/A","8594"
"V9-ARCH-0358","v9-data-relationship-er","docs/archive/historical-2026-08-16/batch8/v9-data-relationship-er.md","docs/archive/normal/v9-data-relationship-er.md","B","2026-08-17","Normal historical document","","general","N/A","7220"
"V9-ARCH-0359","v9-indexeddb-store-schema","docs/archive/historical-2026-08-16/batch8/v9-indexeddb-store-schema.md","docs/archive/normal/v9-indexeddb-store-schema.md","B","2026-08-17","Normal historical document","","general","N/A","38870"
"V9-ARCH-0360","v9-l2状态层补齐路线图","docs/archive/historical-2026-08-16/batch8/v9-l2状态层补齐路线图.md","docs/archive/normal/v9-l2状态层补齐路线图.md","B","2026-08-17","Normal historical document","","general","N/A","19981"
"V9-ARCH-0361","v9-架构覆盖分析报告","docs/archive/historical-2026-08-16/batch8/v9-架构覆盖分析报告.md","docs/archive/normal/v9-架构覆盖分析报告.md","B","2026-08-17","Normal historical document","","general","N/A","5817"
"V9-ARCH-0362","v9-目标功能清单","docs/archive/historical-2026-08-16/batch8/v9-目标功能清单.md","docs/archive/normal/v9-目标功能清单.md","B","2026-08-17","Normal historical document","","general","N/A","6681"
"V9-ARCH-0363","value-bargain-strategy","docs/archive/historical-2026-08-16/batch8/value-bargain-strategy.md","docs/archive/normal/value-bargain-strategy.md","B","2026-08-17","Normal historical document","","general","N/A","8624"
"V9-ARCH-0364","watchlist-strategy","docs/archive/historical-2026-08-16/batch8/watchlist-strategy.md","docs/archive/normal/watchlist-strategy.md","B","2026-08-17","Normal historical document","","general","N/A","7049"
"V9-ARCH-0365","发布计划与评审-r01","docs/archive/historical-2026-08-16/batch8/发布计划与评审-r01.md","docs/archive/normal/发布计划与评审-r01.md","B","2026-08-17","Normal historical document","","general","N/A","12835"
"V9-ARCH-0366","回滚方案与演练-r03","docs/archive/historical-2026-08-16/batch8/回滚方案与演练-r03.md","docs/archive/normal/回滚方案与演练-r03.md","B","2026-08-17","Normal historical document","","general","N/A","5653"
"V9-ARCH-0367","数据治理路线图","docs/archive/historical-2026-08-16/batch8/数据治理路线图.md","docs/archive/normal/数据治理路线图.md","B","2026-08-17","Normal historical document","","general","N/A","17853"
"V9-ARCH-0368","2026-06-24-adopt-v6-core-resource-trading-strategy","docs/archive/historical-2026-08-16/batch7/docs/explanation/implementation/adr/2026-06-24-adopt-v6-core-resource-trading-strategy.md","docs/archive/drafts/date-prefix/2026-06-24-adopt-v6-core-resource-trading-strategy.md","C","2026-08-17","Draft/temp/deprecated document","","explanation","N/A","8015"
"V9-ARCH-0369","2026-06-24-input-cabin-subpages","docs/archive/historical-2026-08-16/batch8/2026-06-24-input-cabin-subpages.md","docs/archive/drafts/date-prefix/2026-06-24-input-cabin-subpages.md","C","2026-08-17","Draft/temp/deprecated document","","general","N/A","1639"
"V9-ARCH-0370","2026-06-24-pool-screening-signal-persistence-review-engine","docs/archive/historical-2026-08-16/batch8/2026-06-24-pool-screening-signal-persistence-review-engine.md","docs/archive/drafts/date-prefix/2026-06-24-pool-screening-signal-persistence-review-engine.md","C","2026-08-17","Draft/temp/deprecated document","","general","N/A","3957"
"V9-ARCH-0371","2026-06-24-pool-screening-signal-persistence-review-engine","docs/archive/historical-2026-08-16/batch7/docs/explanation/implementation/adr/2026-06-24-pool-screening-signal-persistence-review-engine.md","docs/archive/drafts/date-prefix/2026-06-24-pool-screening-signal-persistence-review-engine.md","C","2026-08-17","Draft/temp/deprecated document","","explanation","N/A","3730"
"V9-ARCH-0372","2026-06-25-v6-migration","docs/archive/historical-2026-08-16/batch7/docs/explanation/implementation/adr/2026-06-25-v6-migration.md","docs/archive/drafts/date-prefix/2026-06-25-v6-migration.md","C","2026-08-17","Draft/temp/deprecated document","","explanation","N/A","6085"
"V9-ARCH-0373","2026-06-25-v6-migration","docs/archive/historical-2026-08-16/batch8/2026-06-25-v6-migration.md","docs/archive/drafts/date-prefix/2026-06-25-v6-migration.md","C","2026-08-17","Draft/temp/deprecated document","","general","N/A","6281"
"V9-ARCH-0374","2026-06-27-dual-strategy-system","docs/archive/historical-2026-08-16/batch7/docs/explanation/implementation/adr/2026-06-27-dual-strategy-system.md","docs/archive/drafts/date-prefix/2026-06-27-dual-strategy-system.md","C","2026-08-17","Draft/temp/deprecated document","","explanation","N/A","9861"
"V9-ARCH-0375","2026-06-27-dual-strategy-system","docs/archive/historical-2026-08-16/batch8/2026-06-27-dual-strategy-system.md","docs/archive/drafts/date-prefix/2026-06-27-dual-strategy-system.md","C","2026-08-17","Draft/temp/deprecated document","","general","N/A","10034"
"V9-ARCH-0376","2026-07-01-v6-architecture-dominance-batch-a","docs/archive/historical-2026-08-16/batch7/docs/reference/2026-07-01-v6-architecture-dominance-batch-a.md","docs/archive/drafts/date-prefix/2026-07-01-v6-architecture-dominance-batch-a.md","C","2026-08-17","Draft/temp/deprecated document","","reference","N/A","13076"
"V9-ARCH-0377","2026-07-01-v6-architecture-dominance-batch-a","docs/archive/historical-2026-08-16/batch7/docs/reference/superpowers/plans/2026-07-01-v6-architecture-dominance-batch-a.md","docs/archive/drafts/date-prefix/2026-07-01-v6-architecture-dominance-batch-a.md","C","2026-08-17","Draft/temp/deprecated document","","reference","N/A","12499"
"V9-ARCH-0378","2026-07-04-ui-testing-optimization","docs/archive/historical-2026-08-16/batch6/docs/reference/superpowers/plans/2026-07-04-ui-testing-optimization.md","docs/archive/drafts/date-prefix/2026-07-04-ui-testing-optimization.md","C","2026-08-17","Draft/temp/deprecated document","","reference","N/A","39753"
"V9-ARCH-0379","2026-07-05-comprehensive-audit-and-remediation","docs/archive/historical-2026-08-16/batch7/docs/reference/changelogs/2026-07/2026-07-05-comprehensive-audit-and-remediation.md","docs/archive/drafts/date-prefix/2026-07-05-comprehensive-audit-and-remediation.md","C","2026-08-17","Draft/temp/deprecated document","","reference","N/A","9460"
"V9-ARCH-0380","2026-07-05-document-update-report","archive/docs/reports/reports/2026-07-05-document-update-report.md","docs/archive/drafts/date-prefix/2026-07-05-document-update-report.md","C","2026-08-17","Draft/temp/deprecated document","","reports","N/A","7082"
"V9-ARCH-0381","2026-07-05-module-registry-and-integration","docs/archive/historical-2026-08-16/batch7/docs/reference/changelogs/2026-07/2026-07-05-module-registry-and-integration.md","docs/archive/drafts/date-prefix/2026-07-05-module-registry-and-integration.md","C","2026-08-17","Draft/temp/deprecated document","","reference","N/A","6996"
"V9-ARCH-0382","2026-07-05-p2-completion-and-backlog","docs/archive/historical-2026-08-16/batch7/docs/reference/changelogs/2026-07/2026-07-05-p2-completion-and-backlog.md","docs/archive/drafts/date-prefix/2026-07-05-p2-completion-and-backlog.md","C","2026-08-17","Draft/temp/deprecated document","","reference","N/A","8734"
"V9-ARCH-0383","2026-07-05-post-dev-review","docs/archive/historical-2026-08-16/batch7/docs/reference/changelogs/2026-07/2026-07-05-post-dev-review.md","docs/archive/drafts/date-prefix/2026-07-05-post-dev-review.md","C","2026-08-17","Draft/temp/deprecated document","","reference","N/A","6087"
"V9-ARCH-0384","2026-07-05-post-dev-review-actions","docs/archive/historical-2026-08-16/batch7/docs/reference/changelogs/2026-07/2026-07-05-post-dev-review-actions.md","docs/archive/drafts/date-prefix/2026-07-05-post-dev-review-actions.md","C","2026-08-17","Draft/temp/deprecated document","","reference","N/A","4764"
"V9-ARCH-0385","2026-07-05-systematic-doc-update","docs/archive/historical-2026-08-16/batch7/docs/reference/changelogs/2026-07/2026-07-05-systematic-doc-update.md","docs/archive/drafts/date-prefix/2026-07-05-systematic-doc-update.md","C","2026-08-17","Draft/temp/deprecated document","","reference","N/A","9530"
"V9-ARCH-0386","2026-07-05-ui-testing-optimization","docs/archive/historical-2026-08-16/batch7/docs/reference/changelogs/2026-07/2026-07-05-ui-testing-optimization.md","docs/archive/drafts/date-prefix/2026-07-05-ui-testing-optimization.md","C","2026-08-17","Draft/temp/deprecated document","","reference","N/A","9556"
"V9-ARCH-0387","2026-07-08-documentation-summary-report","archive/docs/reports/reports/2026-07-08-documentation-summary-report.md","docs/archive/drafts/date-prefix/2026-07-08-documentation-summary-report.md","C","2026-08-17","Draft/temp/deprecated document","","reports","N/A","6490"
"V9-ARCH-0388","2026-07-08-document-update-report","archive/docs/reports/reports/2026-07-08-document-update-report.md","docs/archive/drafts/date-prefix/2026-07-08-document-update-report.md","C","2026-08-17","Draft/temp/deprecated document","","reports","N/A","8071"
"V9-ARCH-0389","2026-07-08-store-derived-documentation-analysis","archive/docs/reports/reports/2026-07-08-store-derived-documentation-analysis.md","docs/archive/drafts/date-prefix/2026-07-08-store-derived-documentation-analysis.md","C","2026-08-17","Draft/temp/deprecated document","","reports","N/A","11178"
"V9-ARCH-0390","2026-07-08-undocumented-files-jsdoc-templates","archive/docs/reports/reports/2026-07-08-undocumented-files-jsdoc-templates.md","docs/archive/drafts/date-prefix/2026-07-08-undocumented-files-jsdoc-templates.md","C","2026-08-17","Draft/temp/deprecated document","","reports","N/A","11088"
"V9-ARCH-0391","2026-07-08-undocumented-files-report","archive/docs/reports/reports/2026-07-08-undocumented-files-report.md","docs/archive/drafts/date-prefix/2026-07-08-undocumented-files-report.md","C","2026-08-17","Draft/temp/deprecated document","","reports","N/A","5786"
"V9-ARCH-0392","2026-07-09-collection-plan-panel-v6-audit","archive/docs/reports/reports/2026-07-09-collection-plan-panel-v6-audit.md","docs/archive/drafts/date-prefix/2026-07-09-collection-plan-panel-v6-audit.md","C","2026-08-17","Draft/temp/deprecated document","","reports","N/A","10805"
"V9-ARCH-0393","2026-07-09-email-body","archive/docs/reports/reports/2026-07-09-email-body.md","docs/archive/drafts/date-prefix/2026-07-09-email-body.md","C","2026-08-17","Draft/temp/deprecated document","","reports","N/A","1773"
"V9-ARCH-0394","2026-07-09-four-category-problem-analysis","archive/docs/reports/reports/2026-07-09-four-category-problem-analysis.md","docs/archive/drafts/date-prefix/2026-07-09-four-category-problem-analysis.md","C","2026-08-17","Draft/temp/deprecated document","","reports","N/A","16818"
"V9-ARCH-0395","2026-07-09-jira-tasks","archive/docs/reports/reports/2026-07-09-jira-tasks.md","docs/archive/drafts/date-prefix/2026-07-09-jira-tasks.md","C","2026-08-17","Draft/temp/deprecated document","","reports","N/A","8466"
"V9-ARCH-0396","2026-07-09-p0-p1-fix-code-plan","archive/docs/reports/reports/2026-07-09-p0-p1-fix-code-plan.md","docs/archive/drafts/date-prefix/2026-07-09-p0-p1-fix-code-plan.md","C","2026-08-17","Draft/temp/deprecated document","","reports","N/A","6084"
"V9-ARCH-0397","2026-07-09-p0-todo-list","archive/docs/reports/reports/2026-07-09-p0-todo-list.md","docs/archive/drafts/date-prefix/2026-07-09-p0-todo-list.md","C","2026-08-17","Draft/temp/deprecated document","","reports","N/A","2715"
"V9-ARCH-0398","2026-07-09-p1-fix-technical-summary","archive/docs/reports/reports/2026-07-09-p1-fix-technical-summary.md","docs/archive/drafts/date-prefix/2026-07-09-p1-fix-technical-summary.md","C","2026-08-17","Draft/temp/deprecated document","","reports","N/A","9946"
"V9-ARCH-0399","2026-07-09-p1-gaps-fix-technical-review","archive/docs/reports/reports/2026-07-09-p1-gaps-fix-technical-review.md","docs/archive/drafts/date-prefix/2026-07-09-p1-gaps-fix-technical-review.md","C","2026-08-17","Draft/temp/deprecated document","","reports","N/A","9093"
"V9-ARCH-0400","2026-07-09-remaining-p1-gaps-fix-plan","archive/docs/reports/reports/2026-07-09-remaining-p1-gaps-fix-plan.md","docs/archive/drafts/date-prefix/2026-07-09-remaining-p1-gaps-fix-plan.md","C","2026-08-17","Draft/temp/deprecated document","","reports","N/A","16124"
"V9-ARCH-0401","2026-07-09-rm-audit-diff-report","archive/docs/reports/reports/2026-07-09-rm-audit-diff-report.md","docs/archive/drafts/date-prefix/2026-07-09-rm-audit-diff-report.md","C","2026-08-17","Draft/temp/deprecated document","","reports","N/A","7734"
"V9-ARCH-0402","2026-07-09-route-registration-gap-report","archive/docs/reports/reports/2026-07-09-route-registration-gap-report.md","docs/archive/drafts/date-prefix/2026-07-09-route-registration-gap-report.md","C","2026-08-17","Draft/temp/deprecated document","","reports","N/A","7489"
"V9-ARCH-0403","2026-07-09-store-derived-documentation-analysis","archive/docs/reports/reports/2026-07-09-store-derived-documentation-analysis.md","docs/archive/drafts/date-prefix/2026-07-09-store-derived-documentation-analysis.md","C","2026-08-17","Draft/temp/deprecated document","","reports","N/A","14117"
"V9-ARCH-0404","2026-07-09-technical-sharing-ppt-outline","archive/docs/reports/reports/2026-07-09-technical-sharing-ppt-outline.md","docs/archive/drafts/date-prefix/2026-07-09-technical-sharing-ppt-outline.md","C","2026-08-17","Draft/temp/deprecated document","","reports","N/A","8778"
"V9-ARCH-0405","2026-07-09-undocumented-files-report","archive/docs/reports/reports/2026-07-09-undocumented-files-report.md","docs/archive/drafts/date-prefix/2026-07-09-undocumented-files-report.md","C","2026-08-17","Draft/temp/deprecated document","","reports","N/A","3706"
"V9-ARCH-0406","2026-07-09-update-log","archive/docs/reports/reports/2026-07-09-update-log.md","docs/archive/drafts/date-prefix/2026-07-09-update-log.md","C","2026-08-17","Draft/temp/deprecated document","","reports","N/A","4885"
"V9-ARCH-0407","2026-07-14-p4-completion","docs/archive/historical-2026-08-16/batch7/docs/reference/project/changelogs/2026-07/2026-07-14-p4-completion.md","docs/archive/drafts/date-prefix/2026-07-14-p4-completion.md","C","2026-08-17","Draft/temp/deprecated document","","reference","N/A","2715"
"V9-ARCH-0408","2026-08-12-session-retrospective","docs/archive/historical-2026-08-16/batch7/docs/reports/governance/2026-08-12-session-retrospective.md","docs/archive/drafts/date-prefix/2026-08-12-session-retrospective.md","C","2026-08-17","Draft/temp/deprecated document","","reports","N/A","5373"
"V9-ARCH-0409","2026-08-13-eslint-ts-fix-report","docs/archive/historical-2026-08-16/batch7/docs/reference/changelogs/2026-08/2026-08-13-eslint-ts-fix-report.md","docs/archive/drafts/date-prefix/2026-08-13-eslint-ts-fix-report.md","C","2026-08-17","Draft/temp/deprecated document","","reference","N/A","5600"
"V9-ARCH-0410","2026-08-13-git-reinit-and-optimization","docs/archive/historical-2026-08-16/batch7/docs/reference/changelogs/2026-08/2026-08-13-git-reinit-and-optimization.md","docs/archive/drafts/date-prefix/2026-08-13-git-reinit-and-optimization.md","C","2026-08-17","Draft/temp/deprecated document","","reference","N/A","7626"
"V9-ARCH-0411","2026-08-13-registry-fix-summary","docs/archive/historical-2026-08-16/batch7/docs/reference/changelogs/2026-08/2026-08-13-registry-fix-summary.md","docs/archive/drafts/date-prefix/2026-08-13-registry-fix-summary.md","C","2026-08-17","Draft/temp/deprecated document","","reference","N/A","8123"
"V9-ARCH-0412","2026-08-13-skeleton-migration-report","docs/archive/historical-2026-08-16/batch7/docs/reference/changelogs/2026-08/2026-08-13-skeleton-migration-report.md","docs/archive/drafts/date-prefix/2026-08-13-skeleton-migration-report.md","C","2026-08-17","Draft/temp/deprecated document","","reference","N/A","4651"
"V9-ARCH-0413","DEPRECATED_batch1-merge-report","archive/docs/07-archive/DEPRECATED_batch1-merge-report.md","docs/archive/drafts/deprecated/DEPRECATED_batch1-merge-report.md","C","2026-08-17","Draft/temp/deprecated document","","general","N/A","4483"
"V9-ARCH-0414","DEPRECATED_batch1-merge-report","docs/archive/historical-2026-08-15/DEPRECATED_batch1-merge-report.md","docs/archive/drafts/deprecated/DEPRECATED_batch1-merge-report.md","C","2026-08-17","Draft/temp/deprecated document","","general","N/A","4519"
"V9-ARCH-0415","DEPRECATED_batch2-merge-report","archive/docs/07-archive/DEPRECATED_batch2-merge-report.md","docs/archive/drafts/deprecated/DEPRECATED_batch2-merge-report.md","C","2026-08-17","Draft/temp/deprecated document","","general","N/A","3099"
"V9-ARCH-0416","DEPRECATED_batch2-merge-report","docs/archive/historical-2026-08-16/DEPRECATED_batch2-merge-report.md","docs/archive/drafts/deprecated/DEPRECATED_batch2-merge-report.md","C","2026-08-17","Draft/temp/deprecated document","","general","N/A","3277"
"V9-ARCH-0417","DEPRECATED_batch3-merge-report","archive/docs/07-archive/DEPRECATED_batch3-merge-report.md","docs/archive/drafts/deprecated/DEPRECATED_batch3-merge-report.md","C","2026-08-17","Draft/temp/deprecated document","","general","N/A","2103"
"V9-ARCH-0418","DEPRECATED_cockpit-news-doc-correction-plan","docs/archive/historical-2026-08-16/batch7/docs/explanation/implementation/deprecated/DEPRECATED_cockpit-news-doc-correction-plan.md","docs/archive/drafts/deprecated/DEPRECATED_cockpit-news-doc-correction-plan.md","C","2026-08-17","Draft/temp/deprecated document","","explanation","N/A","13122"
"V9-ARCH-0419","DEPRECATED_cockpit-news-doc-correction-plan","archive/docs/07-archive/DEPRECATED_cockpit-news-doc-correction-plan.md","docs/archive/drafts/deprecated/DEPRECATED_cockpit-news-doc-correction-plan.md","C","2026-08-17","Draft/temp/deprecated document","","general","N/A","12907"
"V9-ARCH-0420","DEPRECATED_doc-sync-gap-list","docs/archive/historical-2026-08-16/batch7/docs/explanation/implementation/deprecated/DEPRECATED_doc-sync-gap-list.md","docs/archive/drafts/deprecated/DEPRECATED_doc-sync-gap-list.md","C","2026-08-17","Draft/temp/deprecated document","","explanation","N/A","5573"
"V9-ARCH-0421","DEPRECATED_doc-sync-gap-list","archive/docs/07-archive/DEPRECATED_doc-sync-gap-list.md","docs/archive/drafts/deprecated/DEPRECATED_doc-sync-gap-list.md","C","2026-08-17","Draft/temp/deprecated document","","general","N/A","5373"
"V9-ARCH-0422","DEPRECATED_ui-module-alignment","docs/archive/historical-2026-08-16/DEPRECATED_ui-module-alignment.md","docs/archive/drafts/deprecated/DEPRECATED_ui-module-alignment.md","C","2026-08-17","Draft/temp/deprecated document","","general","N/A","6732"
"V9-ARCH-0423","DEPRECATED_ui-module-alignment","archive/docs/07-archive/DEPRECATED_ui-module-alignment.md","docs/archive/drafts/deprecated/DEPRECATED_ui-module-alignment.md","C","2026-08-17","Draft/temp/deprecated document","","general","N/A","6646"
"V9-ARCH-0424","DEPRECATED_v9-issue-execution-board","archive/docs/07-archive/DEPRECATED_v9-issue-execution-board.md","docs/archive/drafts/deprecated/DEPRECATED_v9-issue-execution-board.md","C","2026-08-17","Draft/temp/deprecated document","","general","N/A","5591"
"V9-ARCH-0425","DEPRECATED_v9-issue-resolution-schedule","docs/archive/historical-2026-08-15/DEPRECATED_v9-issue-resolution-schedule.md","docs/archive/drafts/deprecated/DEPRECATED_v9-issue-resolution-schedule.md","C","2026-08-17","Draft/temp/deprecated document","","general","N/A","13938"
"V9-ARCH-0426","DEPRECATED_v9-issue-resolution-schedule","archive/docs/07-archive/DEPRECATED_v9-issue-resolution-schedule.md","docs/archive/drafts/deprecated/DEPRECATED_v9-issue-resolution-schedule.md","C","2026-08-17","Draft/temp/deprecated document","","general","N/A","13758"
"V9-ARCH-0427","DEPRECATED_v9-parallel-task-schedule","archive/docs/07-archive/DEPRECATED_v9-parallel-task-schedule.md","docs/archive/drafts/deprecated/DEPRECATED_v9-parallel-task-schedule.md","C","2026-08-17","Draft/temp/deprecated document","","general","N/A","6598"
